x,fdam_mode1,fdam_mode2,fdam_mode3,fdam_mode4,fdam_mode5,fdam_mode6,fdam_mode7,fdam_mode8,fdam_mode9,fdam_mode10
0.000,4.038160379265e+00,2.530671953868e+01,7.085954359941e+01,1.388564213799e+02,2.295396318859e+02,3.428924615519e+02,4.789159386949e+02,6.376099442465e+02,8.189746135839e+02,1.023009811150e+03
0.002,4.038189283935e+00,2.530734652483e+01,7.086241687168e+01,1.388642845878e+02,2.295562905559e+02,3.429227798542e+02,4.789658232179e+02,6.376863302558e+02,8.190854510234e+02,1.023164050580e+03
0.004,4.038218108920e+00,2.530796748693e+01,7.086524467815e+01,1.388719729001e+02,2.295724712523e+02,3.429520313302e+02,4.790136261320e+02,6.377590255774e+02,8.191901977584e+02,1.023308783355e+03
0.006,4.038246854216e+00,2.530858242424e+01,7.086802700328e+01,1.388794862039e+02,2.295881734818e+02,3.429802143932e+02,4.790593432702e+02,6.378280207430e+02,8.192888344928e+02,1.023443973349e+03
0.008,4.038275519818e+00,2.530919133559e+01,7.087076382236e+01,1.388868243233e+02,2.296033964948e+02,3.430073266914e+02,4.791029686211e+02,6.378933024893e+02,8.193813350527e+02,1.023569573264e+03
0.010,4.038304105720e+00,2.530979421935e+01,7.087345510256e+01,1.388939870303e+02,2.296181393454e+02,3.430333653491e+02,4.791444950910e+02,6.379548557967e+02,8.194676711897e+02,1.023685534891e+03
0.012,4.038332611911e+00,2.531039107353e+01,7.087610080389e+01,1.389009740548e+02,2.296324009501e+02,3.430583271980e+02,4.791839152303e+02,6.380126658116e+02,8.195478170680e+02,1.023791818592e+03
0.014,4.038361038381e+00,2.531098189575e+01,7.087870088023e+01,1.389077850949e+02,2.296461801440e+02,3.430822089995e+02,4.792212219229e+02,6.380667196525e+02,8.196217534243e+02,1.023888401973e+03
0.016,4.038389385117e+00,2.531156668328e+01,7.088125528024e+01,1.389144198266e+02,2.296594757350e+02,3.431050076569e+02,4.792564090370e+02,6.381170080923e+02,8.196894713864e+02,1.023975287702e+03
0.018,4.038417652106e+00,2.531214543312e+01,7.088376394838e+01,1.389208779134e+02,2.296722865570e+02,3.431267204175e+02,4.792894720374e+02,6.381635271146e+02,8.197509759383e+02,1.024052510448e+03
0.020,4.038445839329e+00,2.531271814193e+01,7.088622682575e+01,1.389271590154e+02,2.296846115200e+02,3.431473450648e+02,4.793204085569e+02,6.382062793391e+02,8.198062890163e+02,1.024120142889e+03
0.022,4.038473946769e+00,2.531328480614e+01,7.088864385110e+01,1.389332627983e+02,2.296964496586e+02,3.431668800999e+02,4.793492189266e+02,6.382452753110e+02,8.198554522247e+02,1.024178300777e+03
0.024,4.038501974407e+00,2.531384542195e+01,7.089101496166e+01,1.389391889426e+02,2.297078001786e+02,3.431853249121e+02,4.793759066628e+02,6.382805346508e+02,8.198985291577e+02,1.024227147007e+03
0.026,4.038529922220e+00,2.531439998534e+01,7.089334009406e+01,1.389449371513e+02,2.297186625014e+02,3.432026799384e+02,4.794004789100e+02,6.383120870605e+02,8.199356073194e+02,1.024266894695e+03
0.028,4.038557790185e+00,2.531494849213e+01,7.089561918517e+01,1.389505071589e+02,2.297290363056e+02,3.432189468117e+02,4.794229468389e+02,6.383399731825e+02,8.199667996324e+02,1.024297809236e+03
0.030,4.038585578276e+00,2.531549093796e+01,7.089785217293e+01,1.389558987386e+02,2.297389215677e+02,3.432341284974e+02,4.794433259983e+02,6.383642453090e+02,8.199922455313e+02,1.024320209354e+03
0.032,4.038613286469e+00,2.531602731836e+01,7.090003899722e+01,1.389611117106e+02,2.297483185990e+02,3.432482294180e+02,4.794616366192e+02,6.383849679390e+02,8.200121116384e+02,1.024334467133e+03
0.034,4.038640914734e+00,2.531655762875e+01,7.090217960064e+01,1.389661459488e+02,2.297572280814e+02,3.432612555657e+02,4.794779038719e+02,6.384022181829e+02,8.200265920232e+02,1.024341007066e+03
0.036,4.038668463041e+00,2.531708186448e+01,7.090427392929e+01,1.389710013883e+02,2.297656511003e+02,3.432732146028e+02,4.794921580743e+02,6.384160860127e+02,8.200359080499e+02,1.024340304142e+03
0.038,4.038695931360e+00,2.531760002083e+01,7.090632193356e+01,1.389756780319e+02,2.297735891751e+02,3.432841159492e+02,4.795044348521e+02,6.384266743602e+02,8.200403078217e+02,1.024332881012e+03
0.040,4.038723319657e+00,2.531811209307e+01,7.090832356887e+01,1.389801759567e+02,2.297810442874e+02,3.432939708578e+02,4.795147752487e+02,6.384340990630e+02,8.200400652339e+02,1.024319304290e+03
0.042,4.038750627899e+00,2.531861807644e+01,7.091027879641e+01,1.389844953202e+02,2.297880189070e+02,3.433027924767e+02,4.795232257883e+02,6.384384886625e+02,8.200354786504e+02,1.024300180044e+03
0.044,4.038777856050e+00,2.531911796623e+01,7.091218758384e+01,1.389886363659e+02,2.297945160145e+02,3.433105958992e+02,4.795298384884e+02,6.384399840567e+02,8.200268692243e+02,1.024276148560e+03
0.046,4.038805004073e+00,2.531961175775e+01,7.091404990598e+01,1.389925994291e+02,2.298005391228e+02,3.433173982001e+02,4.795346708264e+02,6.384387380119e+02,8.200145788839e+02,1.024247878449e+03
0.048,4.038832071930e+00,2.532009944638e+01,7.091586574551e+01,1.389963849420e+02,2.298060922945e+02,3.433232184596e+02,4.795377856573e+02,6.384349145412e+02,8.199989680114e+02,1.024216060193e+03
0.050,4.038859059581e+00,2.532058102758e+01,7.091763509359e+01,1.389999934384e+02,2.298111801582e+02,3.433280777751e+02,4.795392510863e+02,6.384286881536e+02,8.199804128425e+02,1.024181399235e+03
0.052,4.038885966986e+00,2.532105649694e+01,7.091935795052e+01,1.390034255583e+02,2.298158079208e+02,3.433319992588e+02,4.795391402966e+02,6.384202429846e+02,8.199593026193e+02,1.024144608698e+03
0.054,4.038912794102e+00,2.532152585016e+01,7.092103432630e+01,1.390066820522e+02,2.298199813787e+02,3.433350080242e+02,4.795375313331e+02,6.384097718141e+02,8.199360365314e+02,1.024106401858e+03
0.056,4.038939540886e+00,2.532198908312e+01,7.092266424130e+01,1.390097637848e+02,2.298237069251e+02,3.433371311592e+02,4.795345068459e+02,6.383974749832e+02,8.199110204817e+02,1.024067484473e+03
0.058,4.038966207293e+00,2.532244619184e+01,7.092424772677e+01,1.390126717387e+02,2.298269915557e+02,3.433383976879e+02,4.795301537933e+02,6.383835592193e+02,8.198846637152e+02,1.024028547089e+03
0.060,4.038992793278e+00,2.532289717258e+01,7.092578482538e+01,1.390154070174e+02,2.298298428711e+02,3.433388385200e+02,4.795245631080e+02,6.383682363817e+02,8.198573753517e+02,1.023990257428e+03
0.062,4.039019298793e+00,2.532334202179e+01,7.092727559180e+01,1.390179708482e+02,2.298322690773e+02,3.433384863889e+02,4.795178293291e+02,6.383517221374e+02,8.198295608633e+02,1.023953252972e+03
0.064,4.039045723792e+00,2.532378073616e+01,7.092872009317e+01,1.390203645845e+02,2.298342789829e+02,3.433373757786e+02,4.795100502012e+02,6.383342345816e+02,8.198016185372e+02,1.023918133865e+03
0.066,4.039072068225e+00,2.532421331265e+01,7.093011840957e+01,1.390225897085e+02,2.298358819949e+02,3.433355428401e+02,4.795013262450e+02,6.383159928151e+02,8.197739359674e+02,1.023885456212e+03
0.068,4.039098332042e+00,2.532463974849e+01,7.093147063450e+01,1.390246478324e+02,2.298370881107e+02,3.433330252973e+02,4.794917603020e+02,6.382972154908e+02,8.197468866158e+02,1.023855725906e+03
0.070,4.039124515192e+00,2.532506004121e+01,7.093277687533e+01,1.390265407001e+02,2.298379079090e+02,3.433298623435e+02,4.794814570559e+02,6.382781193440e+02,8.197208264825e+02,1.023829393044e+03
0.072,4.039150617623e+00,2.532547418867e+01,7.093403725369e+01,1.390282701884e+02,2.298383525369e+02,3.433260945280e+02,4.794705225344e+02,6.382589177187e+02,8.196960909262e+02,1.023806847041e+03
0.074,4.039176639282e+00,2.532588218906e+01,7.093525190588e+01,1.390298383076e+02,2.298384336964e+02,3.433217636356e+02,4.794590635961e+02,6.382398191056e+02,8.196729916720e+02,1.023788412494e+03
0.076,4.039202580116e+00,2.532628404091e+01,7.093642098323e+01,1.390312472019e+02,2.298381636269e+02,3.433169125561e+02,4.794471874036e+02,6.382210257019e+02,8.196518140403e+02,1.023774345881e+03
0.078,4.039228440069e+00,2.532667974315e+01,7.093754465245e+01,1.390324991496e+02,2.298375550867e+02,3.433115851486e+02,4.794350008886e+02,6.382027320101e+02,8.196328144328e+02,1.023764833122e+03
0.080,4.039254219087e+00,2.532706929508e+01,7.093862309596e+01,1.390335965630e+02,2.298366213319e+02,3.433058260976e+02,4.794226102119e+02,6.381851234848e+02,8.196162181034e+02,1.023759988060e+03
0.082,4.039279917113e+00,2.532745269642e+01,7.093965651220e+01,1.390345419874e+02,2.298353760933e+02,3.432996807641e+02,4.794101202220e+02,6.381683752434e+02,8.196022172416e+02,1.023759851880e+03
0.084,4.039305534089e+00,2.532782994733e+01,7.094064511588e+01,1.390353381004e+02,2.298338335514e+02,3.432931950314e+02,4.793976339160e+02,6.381526508501e+02,8.195909693914e+02,1.023764393471e+03
0.086,4.039331069959e+00,2.532820104838e+01,7.094158913825e+01,1.390359877107e+02,2.298320083093e+02,3.432864151462e+02,4.793852519068e+02,6.381381011858e+02,8.195825962265e+02,1.023773510753e+03
0.088,4.039356524663e+00,2.532856600063e+01,7.094248882737e+01,1.390364937563e+02,2.298299153645e+02,3.432793875570e+02,4.793730718998e+02,6.381248634135e+02,8.195771826947e+02,1.023787032918e+03
0.090,4.039381898142e+00,2.532892480561e+01,7.094334444823e+01,1.390368593028e+02,2.298275700778e+02,3.432721587485e+02,4.793611881839e+02,6.381130600499e+02,8.195747765456e+02,1.023804723598e+03
0.092,4.039407190336e+00,2.532927746534e+01,7.094415628303e+01,1.390370875411e+02,2.298249881421e+02,3.432647750754e+02,4.793496911382e+02,6.381027981511e+02,8.195753882457e+02,1.023826284881e+03
0.094,4.039432401185e+00,2.532962398234e+01,7.094492463128e+01,1.390371817848e+02,2.298221855485e+02,3.432572825941e+02,4.793386667600e+02,6.380941686204e+02,8.195789912862e+02,1.023851362150e+03
0.096,4.039457530627e+00,2.532996435967e+01,7.094564980996e+01,1.390371454676e+02,2.298191785518e+02,3.432497268943e+02,4.793281962162e+02,6.380872456442e+02,8.195855228784e+02,1.023879549666e+03
0.098,4.039482578601e+00,2.533029860091e+01,7.094633215362e+01,1.390369821399e+02,2.298159836343e+02,3.432421529320e+02,4.793183554213e+02,6.380820862631e+02,8.195948850330e+02,1.023910396820e+03
0.100,4.039507545045e+00,2.533062671021e+01,7.094697201452e+01,1.390366954654e+02,2.298126174690e+02,3.432346048627e+02,4.793092146453e+02,6.380787300804e+02,8.196069460102e+02,1.023943414972e+03
0.102,4.039532429895e+00,2.533094869227e+01,7.094756976262e+01,1.390362892175e+02,2.298090968813e+02,3.432271258775e+02,4.793008381538e+02,6.380771991123e+02,8.196215421276e+02,1.023978084782e+03
0.104,4.039557233088e+00,2.533126455239e+01,7.094812578569e+01,1.390357672756e+02,2.298054388101e+02,3.432197580419e+02,4.792932838834e+02,6.380774977821e+02,8.196384799045e+02,1.024013863932e+03
0.106,4.039581954561e+00,2.533157429645e+01,7.094864048930e+01,1.390351336201e+02,2.298016602680e+02,3.432125421390e+02,4.792866031543e+02,6.380796130571e+02,8.196575385214e+02,1.024050195130e+03
0.108,4.039606594249e+00,2.533187793093e+01,7.094911429683e+01,1.390343923287e+02,2.297977783014e+02,3.432055175166e+02,4.792808404217e+02,6.380835147294e+02,8.196784725673e+02,1.024086514295e+03
0.110,4.039631152089e+00,2.533217546295e+01,7.094954764944e+01,1.390335475713e+02,2.297938099494e+02,3.431987219398e+02,4.792760330689e+02,6.380891558373e+02,8.197010150439e+02,1.024122258785e+03
0.112,4.039655628014e+00,2.533246690024e+01,7.094994100603e+01,1.390326036050e+02,2.297897722031e+02,3.431921914504e+02,4.792722112431e+02,6.380964732247e+02,8.197248805959e+02,1.024156875595e+03
0.114,4.039680021960e+00,2.533275225120e+01,7.095029484315e+01,1.390315647689e+02,2.297856819638e+02,3.431859602316e+02,4.792693977341e+02,6.381053882338e+02,8.197497689298e+02,1.024189829364e+03
0.116,4.039704333861e+00,2.533303152485e+01,7.095060965494e+01,1.390304354789e+02,2.297815560023e+02,3.431800604822e+02,4.792676078991e+02,6.381158075248e+02,8.197753683847e+02,1.024220610115e+03
0.118,4.039728563651e+00,2.533330473092e+01,7.095088595297e+01,1.390292202219e+02,2.297774109174e+02,3.431745222967e+02,4.792668496317e+02,6.381276240175e+02,8.198013596145e+02,1.024248740609e+03
0.120,4.039752711265e+00,2.533357187977e+01,7.095112426616e+01,1.390279235499e+02,2.297732630948e+02,3.431693735558e+02,4.792671233775e+02,6.381407179445e+02,8.198274193427e+02,1.024273783200e+03
0.122,4.039776776635e+00,2.533383298248e+01,7.095132514057e+01,1.390265500744e+02,2.297691286666e+02,3.431646398254e+02,4.792684221949e+02,6.381549580093e+02,8.198532241450e+02,1.024295346116e+03
0.124,4.039800759696e+00,2.533408805083e+01,7.095148913926e+01,1.390251044597e+02,2.297650234712e+02,3.431603442654e+02,4.792707318617e+02,6.381702026379e+02,8.198784542213e+02,1.024313089059e+03
0.126,4.039824660380e+00,2.533433709727e+01,7.095161684203e+01,1.390235914170e+02,2.297609630135e+02,3.431565075484e+02,4.792740310268e+02,6.381863013142e+02,8.199027971119e+02,1.024326728065e+03
0.128,4.039848478621e+00,2.533458013501e+01,7.095170884527e+01,1.390220156980e+02,2.297569624266e+02,3.431531477902e+02,4.792782914052e+02,6.382030959871e+02,8.199259513189e+02,1.024336039537e+03
0.130,4.039872214352e+00,2.533481717797e+01,7.095176576166e+01,1.390203820880e+02,2.297530364332e+02,3.431502804896e+02,4.792834780170e+02,6.382204225372e+02,8.199476297907e+02,1.024340863412e+03
0.132,4.039895867506e+00,2.533504824079e+01,7.095178821993e+01,1.390186953993e+02,2.297491993094e+02,3.431479184813e+02,4.792895494664e+02,6.382381122920e+02,8.199675632326e+02,1.024341105414e+03
0.134,4.039919438015e+00,2.533527333886e+01,7.095177686457e+01,1.390169604647e+02,2.297454648484e+02,3.431460718985e+02,4.792964582617e+02,6.382559935736e+02,8.199855032048e+02,1.024336738352e+03
0.136,4.039942925814e+00,2.533549248833e+01,7.095173235553e+01,1.390151821302e+02,2.297418463264e+02,3.431447481491e+02,4.793041511722e+02,6.382738932684e+02,8.200012249747e+02,1.024327802461e+03
0.138,4.039966330833e+00,2.533570570610e+01,7.095165536788e+01,1.390133652483e+02,2.297383564691e+02,3.431439519025e+02,4.793125696206e+02,6.382916384035e+02,8.200145300909e+02,1.024314404777e+03
0.140,4.039989653007e+00,2.533591300983e+01,7.095154659148e+01,1.390115146711e+02,2.297350074203e+02,3.431436850890e+02,4.793216501082e+02,6.383090577174e+02,8.200252486513e+02,1.024296717551e+03
0.142,4.040012892268e+00,2.533611441796e+01,7.095140673061e+01,1.390096352427e+02,2.297318107115e+02,3.431439469110e+02,4.793313246710e+02,6.383259832096e+02,8.200332412386e+02,1.024274975732e+03
0.144,4.040036048550e+00,2.533630994969e+01,7.095123650361e+01,1.390077317928e+02,2.297287772340e+02,3.431447338665e+02,4.793415213618e+02,6.383422516577e+02,8.200384005037e+02,1.024249473551e+03
0.146,4.040059121786e+00,2.533649962501e+01,7.095103664243e+01,1.390058091292e+02,2.297259172115e+02,3.431460397842e+02,4.793521647577e+02,6.383577060876e+02,8.200406523778e+02,1.024220560263e+03
0.148,4.040082111908e+00,2.533668346472e+01,7.095080789229e+01,1.390038720307e+02,2.297232401760e+02,3.431478558707e+02,4.793631764877e+02,6.383721971842e+02,8.200399569012e+02,1.024188635103e+03
0.150,4.040105018850e+00,2.533686149038e+01,7.095055101118e+01,1.390019252400e+02,2.297207549447e+02,3.431501707690e+02,4.793744757782e+02,6.383855846312e+02,8.200363086595e+02,1.024154141520e+03
0.152,4.040127842547e+00,2.533703372436e+01,7.095026676943e+01,1.389999734569e+02,2.297184695992e+02,3.431529706285e+02,4.793859800121e+02,6.383977383668e+02,8.200297368223e+02,1.024117560798e+03
0.154,4.040150582931e+00,2.533720018983e+01,7.094995594928e+01,1.389980213306e+02,2.297163914667e+02,3.431562391863e+02,4.793976052986e+02,6.384085397458e+02,8.200203047856e+02,1.024079405118e+03
0.156,4.040173239937e+00,2.533736091079e+01,7.094961934433e+01,1.389960734537e+02,2.297145271038e+02,3.431599578585e+02,4.794092670492e+02,6.384178825979e+02,8.200081094207e+02,1.024040210200e+03
0.158,4.040195813500e+00,2.533751591200e+01,7.094925775910e+01,1.389941343543e+02,2.297128822819e+02,3.431641058426e+02,4.794208805573e+02,6.384256741723e+02,8.199932799403e+02,1.024000527599e+03
0.160,4.040218303553e+00,2.533766521908e+01,7.094887200851e+01,1.389922084898e+02,2.297114619751e+02,3.431686602289e+02,4.794323615758e+02,6.384318359608e+02,8.199759763941e+02,1.023960916777e+03
0.162,4.040240710032e+00,2.533780885843e+01,7.094846291733e+01,1.389903002400e+02,2.297102703508e+02,3.431735961220e+02,4.794436268914e+02,6.384363043928e+02,8.199563878112e+02,1.023921937073e+03
0.164,4.040263032873e+00,2.533794685730e+01,7.094803131967e+01,1.389884139004e+02,2.297093107621e+02,3.431788867705e+02,4.794545948894e+02,6.384390313954e+02,8.199347300124e+02,1.023884139668e+03
0.166,4.040285272010e+00,2.533807924372e+01,7.094757805841e+01,1.389865536756e+02,2.297085857428e+02,3.431845037049e+02,4.794651861069e+02,6.384399848147e+02,8.199112431147e+02,1.023848059668e+03
0.168,4.040307427380e+00,2.533820604658e+01,7.094710398464e+01,1.389847236731e+02,2.297080970048e+02,3.431904168833e+02,4.794753237707e+02,6.384391486937e+02,8.198861887602e+02,1.023814208429e+03
0.170,4.040329498920e+00,2.533832729556e+01,7.094660995709e+01,1.389829278972e+02,2.297078454382e+02,3.431965948438e+02,4.794849343154e+02,6.384365234057e+02,8.198598470981e+02,1.023783066211e+03
0.172,4.040351486566e+00,2.533844302119e+01,7.094609684154e+01,1.389811702425e+02,2.297078311131e+02,3.432030048631e+02,4.794939478793e+02,6.384321256411e+02,8.198325135567e+02,1.023755075279e+03
0.174,4.040373390255e+00,2.533855325480e+01,7.094556551024e+01,1.389794544884e+02,2.297080532845e+02,3.432096131203e+02,4.795022987746e+02,6.384259882487e+02,8.198044954411e+02,1.023730633558e+03
0.176,4.040395209927e+00,2.533865802856e+01,7.094501684127e+01,1.389777842933e+02,2.297085103993e+02,3.432163848659e+02,4.795099259282e+02,6.384181599322e+02,8.197761083958e+02,1.023710088907e+03
0.178,4.040416945519e+00,2.533875737544e+01,7.094445171795e+01,1.389761631889e+02,2.297092001060e+02,3.432232845939e+02,4.795167732922e+02,6.384087048061e+02,8.197476727731e+02,1.023693734123e+03
0.180,4.040438596970e+00,2.533885132926e+01,7.094387102821e+01,1.389745945751e+02,2.297101192659e+02,3.432302762180e+02,4.795227902181e+02,6.383977018130e+02,8.197195099483e+02,1.023681802719e+03
0.182,4.040460164219e+00,2.533893992465e+01,7.094327566395e+01,1.389730817149e+02,2.297112639680e+02,3.432373232489e+02,4.795279317958e+02,6.383852440097e+02,8.196919386242e+02,1.023674465559e+03
0.184,4.040481647208e+00,2.533902319706e+01,7.094266652041e+01,1.389716277293e+02,2.297126295449e+02,3.432443889740e+02,4.795321591528e+02,6.383714377275e+02,8.196652711666e+02,1.023671828381e+03
0.186,4.040503045876e+00,2.533910118273e+01,7.094204449552e+01,1.389702355931e+02,2.297142105916e+02,3.432514366374e+02,4.795354397129e+02,6.383564016138e+02,8.196398100138e+02,1.023673930253e+03
0.188,4.040524360165e+00,2.533917391877e+01,7.094141048926e+01,1.389689081302e+02,2.297160009865e+02,3.432584296191e+02,4.795377474117e+02,6.383402655648e+02,8.196158441991e+02,1.023680742985e+03
0.190,4.040545590017e+00,2.533924144306e+01,7.094076540296e+01,1.389676480093e+02,2.297179939142e+02,3.432653316145e+02,4.795390628691e+02,6.383231695577e+02,8.195936460285e+02,1.023692171487e+03
0.192,4.040566735375e+00,2.533930379430e+01,7.094011013869e+01,1.389664577408e+02,2.297201818906e+02,3.432721068104e+02,4.795393735156e+02,6.383052623939e+02,8.195734679491e+02,1.023708055103e+03
0.194,4.040587796183e+00,2.533936101200e+01,7.093944559858e+01,1.389653396724e+02,2.297225567901e+02,3.432787200593e+02,4.795386736734e+02,6.382867003638e+02,8.195555396460e+02,1.023728169859e+03
0.196,4.040608772384e+00,2.533941313647e+01,7.093877268412e+01,1.389642959861e+02,2.297251098743e+02,3.432851370499e+02,4.795369645913e+02,6.382676458441e+02,8.195400653987e+02,1.023752231634e+03
0.198,4.040629663924e+00,2.533946020883e+01,7.093809229554e+01,1.389633286954e+02,2.297278318227e+02,3.432913244734e+02,4.795342544323e+02,6.382482658433e+02,8.195272217298e+02,1.023779900172e+03
0.200,4.040650470749e+00,2.533950227097e+01,7.093740533106e+01,1.389624396423e+02,2.297307127652e+02,3.432972501842e+02,4.795305582158e+02,6.382287305042e+02,8.195171553697e+02,1.023810783915e+03
0.202,4.040671192804e+00,2.533953936559e+01,7.093671268632e+01,1.389616304950e+02,2.297337423165e+02,3.433028833554e+02,4.795258977126e+02,6.382092115800e+02,8.195099815636e+02,1.023844445546e+03
0.204,4.040691830038e+00,2.533957153616e+01,7.093601525360e+01,1.389609027458e+02,2.297369096110e+02,3.433081946273e+02,4.795203012957e+02,6.381898808964e+02,8.195057827373e+02,1.023880408207e+03
0.206,4.040712382398e+00,2.533959882695e+01,7.093531392122e+01,1.389602577090e+02,2.297402033403e+02,3.433131562488e+02,4.795138037462e+02,6.381709088122e+02,8.195046075392e+02,1.023918162265e+03
0.208,4.040732849835e+00,2.533962128297e+01,7.093460957282e+01,1.389596965200e+02,2.297436117915e+02,3.433177422105e+02,4.795064460165e+02,6.381524626949e+02,8.195064702679e+02,1.023957172557e+03
0.210,4.040753232297e+00,2.533963895003e+01,7.093390308670e+01,1.389592201336e+02,2.297471228863e+02,3.433219283701e+02,4.794982749524e+02,6.381347054221e+02,8.195113506931e+02,1.023996885994e+03
0.212,4.040773529736e+00,2.533965187468e+01,7.093319533517e+01,1.389588293232e+02,2.297507242214e+02,3.433256925676e+02,4.794893429754e+02,6.381177939230e+02,8.195191942707e+02,1.024036739426e+03
0.214,4.040793742105e+00,2.533966010423e+01,7.093248718385e+01,1.389585246807e+02,2.297544031107e+02,3.433290147318e+02,4.794797077281e+02,6.381018777743e+02,8.195299127501e+02,1.024076167649e+03
0.216,4.040813869355e+00,2.533966368673e+01,7.093177949103e+01,1.389583066156e+02,2.297581466264e+02,3.433318769757e+02,4.794694316842e+02,6.380870978604e+02,8.195433851670e+02,1.024114611443e+03
0.218,4.040833911440e+00,2.533966267098e+01,7.093107310700e+01,1.389581753557e+02,2.297619416428e+02,3.433342636820e+02,4.794585817271e+02,6.380735851119e+02,8.195594592105e+02,1.024151525526e+03
0.220,4.040853868317e+00,2.533965710650e+01,7.093036887339e+01,1.389581309473e+02,2.297657748792e+02,3.433361615777e+02,4.794472286978e+02,6.380614593330e+02,8.195779529474e+02,1.024186386314e+03
0.222,4.040873739939e+00,2.533964704353e+01,7.092966762252e+01,1.389581732558e+02,2.297696329437e+02,3.433375597961e+02,4.794354469178e+02,6.380508281275e+02,8.195986568861e+02,1.024218699365e+03
0.224,4.040893526266e+00,2.533963253304e+01,7.092897017678e+01,1.389583019671e+02,2.297735023777e+02,3.433384499291e+02,4.794233136881e+02,6.380417859342e+02,8.196213363551e+02,1.024248006422e+03
0.226,4.040913227254e+00,2.533961362669e+01,7.092827734797e+01,1.389585165887e+02,2.297773696993e+02,3.433388260661e+02,4.794109087679e+02,6.380344131793e+02,8.196457341696e+02,1.024273891927e+03
0.228,4.040932842862e+00,2.533959037684e+01,7.092758993667e+01,1.389588164517e+02,2.297812214483e+02,3.433386848211e+02,4.793983138381e+02,6.380287755534e+02,8.196715735551e+02,1.024295988940e+03
0.230,4.040952373052e+00,2.533956283654e+01,7.092690873165e+01,1.389592007126e+02,2.297850442295e+02,3.433380253485e+02,4.793856119507e+02,6.380249234201e+02,8.196985612956e+02,1.024313984361e+03
0.232,4.040971817784e+00,2.533953105951e+01,7.092623450921e+01,1.389596683557e+02,2.297888247570e+02,3.433368493457e+02,4.793728869707e+02,6.380228913611e+02,8.197263910698e+02,1.024327623387e+03
0.234,4.040991177021e+00,2.533949510014e+01,7.092556803263e+01,1.389602181959e+02,2.297925498971e+02,3.433351610439e+02,4.793602230111e+02,6.380226978616e+02,8.197547469372e+02,1.024336713138e+03
0.236,4.041010450728e+00,2.533945501348e+01,7.092491005153e+01,1.389608488815e+02,2.297962067110e+02,3.433329671866e+02,4.793477038674e+02,6.380243451388e+02,8.197833069343e+02,1.024341125408e+03
0.238,4.041029638868e+00,2.533941085523e+01,7.092426130133e+01,1.389615588975e+02,2.297997824972e+02,3.433302769962e+02,4.793354124536e+02,6.380278191160e+02,8.198117467410e+02,1.024340798486e+03
0.240,4.041048741408e+00,2.533936268170e+01,7.092362250266e+01,1.389623465692e+02,2.298032648325e+02,3.433271021283e+02,4.793234302451e+02,6.380330895409e+02,8.198397433733e+02,1.024335738045e+03
0.242,4.041067758315e+00,2.533931054985e+01,7.092299436079e+01,1.389632100660e+02,2.298066416119e+02,3.433234566152e+02,4.793118367303e+02,6.380401102483e+02,8.198669788621e+02,1.024326017054e+03
0.244,4.041086689559e+00,2.533925451724e+01,7.092237756512e+01,1.389641474054e+02,2.298099010884e+02,3.433193567966e+02,4.793007088762e+02,6.380488195644e+02,8.198931438749e+02,1.024311774750e+03
0.246,4.041105535109e+00,2.533919464203e+01,7.092177278861e+01,1.389651564577e+02,2.298130319107e+02,3.433148212408e+02,4.792901206107e+02,6.380591408488e+02,8.199179412399e+02,1.024293214653e+03
0.248,4.041124294937e+00,2.533913098298e+01,7.092118068730e+01,1.389662349505e+02,2.298160231595e+02,3.433098706538e+02,4.792801423253e+02,6.380709831707e+02,8.199410893313e+02,1.024270601678e+03
0.250,4.041142969015e+00,2.533906359940e+01,7.092060189975e+01,1.389673804733e+02,2.298188643833e+02,3.433045277794e+02,4.792708404019e+02,6.380842421108e+02,8.199623252786e+02,1.024244258360e+03
0.252,4.041161557316e+00,2.533899255118e+01,7.092003704662e+01,1.389685904832e+02,2.298215456316e+02,3.432988172886e+02,4.792622767659e+02,6.380988006846e+02,8.199814079620e+02,1.024214560274e+03
0.254,4.041180059818e+00,2.533891789878e+01,7.091948673014e+01,1.389698623099e+02,2.298240574871e+02,3.432927656603e+02,4.792545084692e+02,6.381145303766e+02,8.199981207599e+02,1.024181930684e+03
0.256,4.041198476495e+00,2.533883970315e+01,7.091895153366e+01,1.389711931614e+02,2.298263910959e+02,3.432864010533e+02,4.792475873066e+02,6.381312922780e+02,8.200122740182e+02,1.024146834529e+03
0.258,4.041216807327e+00,2.533875802579e+01,7.091843202124e+01,1.389725801300e+02,2.298285381962e+02,3.432797531698e+02,4.792415594665e+02,6.381489383165e+02,8.200237072121e+02,1.024109771802e+03
0.260,4.041235052292e+00,2.533867292873e+01,7.091792873719e+01,1.389740201983e+02,2.298304911441e+02,3.432728531125e+02,4.792364652192e+02,6.381673125672e+02,8.200322907758e+02,1.024071270441e+03
0.262,4.041253211372e+00,2.533858447446e+01,7.091744220567e+01,1.389755102451e+02,2.298322429388e+02,3.432657332337e+02,4.792323386460e+02,6.381862526349e+02,8.200379275804e+02,1.024031878814e+03
0.264,4.041271284550e+00,2.533849272596e+01,7.091697293030e+01,1.389770470523e+02,2.298337872444e+02,3.432584269798e+02,4.792292074076e+02,6.382055910926e+02,8.200405540409e+02,1.023992157915e+03
0.266,4.041289271808e+00,2.533839774671e+01,7.091652139378e+01,1.389786273111e+02,2.298351184106e+02,3.432509687296e+02,4.792270925576e+02,6.382251569656e+02,8.200401408428e+02,1.023952673388e+03
0.268,4.041307173133e+00,2.533829960059e+01,7.091608805754e+01,1.389802476291e+02,2.298362314903e+02,3.432433936286e+02,4.792260083988e+02,6.382447772475e+02,8.200366932764e+02,1.023913987472e+03
0.270,4.041324988511e+00,2.533819835196e+01,7.091567336140e+01,1.389819045370e+02,2.298371222554e+02,3.432357374192e+02,4.792259623852e+02,6.382642784342e+02,8.200302511780e+02,1.023876651002e+03
0.272,4.041342717931e+00,2.533809406560e+01,7.091527772328e+01,1.389835944956e+02,2.298377872102e+02,3.432280362693e+02,4.792269550698e+02,6.382834880623e+02,8.200208884773e+02,1.023841195574e+03
0.274,4.041360361383e+00,2.533798680667e+01,7.091490153883e+01,1.389853139028e+02,2.298382236027e+02,3.432203265968e+02,4.792289800981e+02,6.383022362389e+02,8.200087123555e+02,1.023808125978e+03
0.276,4.041377918858e+00,2.533787664076e+01,7.091454518122e+01,1.389870591015e+02,2.298384294325e+02,3.432126448953e+02,4.792320242487e+02,6.383203571483e+02,8.199938620256e+02,1.023777913013e+03
0.278,4.041395390349e+00,2.533776363380e+01,7.091420900086e+01,1.389888263860e+02,2.298384034577e+02,3.432050275574e+02,4.792360675188e+02,6.383376905233e+02,8.199765071464e+02,1.023750986795e+03
0.280,4.041412775852e+00,2.533764785212e+01,7.091389332515e+01,1.389906120104e+02,2.298381451982e+02,3.431975106998e+02,4.792410832556e+02,6.383540830669e+02,8.199568458909e+02,1.023727730628e+03
0.282,4.041430075362e+00,2.533752936236e+01,7.091359845826e+01,1.389924121952e+02,2.298376549372e+02,3.431901299895e+02,4.792470383324e+02,6.383693898123e+02,8.199351026883e+02,1.023708475558e+03
0.284,4.041447288877e+00,2.533740823152e+01,7.091332468094e+01,1.389942231355e+02,2.298369337197e+02,3.431829204716e+02,4.792538933672e+02,6.383834754093e+02,8.199115256678e+02,1.023693495656e+03
0.286,4.041464416397e+00,2.533728452690e+01,7.091307225036e+01,1.389960410083e+02,2.298359833495e+02,3.431759164010e+02,4.792616029840e+02,6.383962153256e+02,8.198863838319e+02,1.023683004123e+03
0.288,4.041481457923e+00,2.533715831609e+01,7.091284139993e+01,1.389978619801e+02,2.298348063822e+02,3.431691510769e+02,4.792701161133e+02,6.384074969515e+02,8.198599639916e+02,1.023677150257e+03
0.290,4.041498413458e+00,2.533702966697e+01,7.091263233915e+01,1.389996822146e+02,2.298334061175e+02,3.431626566830e+02,4.792793763316e+02,6.384172205999e+02,8.198325674988e+02,1.023676017328e+03
0.292,4.041515283007e+00,2.533689864769e+01,7.091244525354e+01,1.390014978803e+02,2.298317865881e+02,3.431564641322e+02,4.792893222361e+02,6.384253003909e+02,8.198045068129e+02,1.023679621393e+03
0.294,4.041532066577e+00,2.533676532663e+01,7.091228030454e+01,1.390033051578e+02,2.298299525462e+02,3.431506029174e+02,4.792998878529e+02,6.384316650142e+02,8.197761019410e+02,1.023687911074e+03
0.296,4.041548764174e+00,2.533662977242e+01,7.091213762939e+01,1.390051002479e+02,2.298279094482e+02,3.431451009701e+02,4.793110030753e+02,6.384362583624e+02,8.197476767914e+02,1.023700768285e+03
0.298,4.041565375809e+00,2.533649205388e+01,7.091201734115e+01,1.390068793786e+02,2.298256634367e+02,3.431399845253e+02,4.793225941310e+02,6.384390400289e+02,8.197195554834e+02,1.023718009917e+03
0.300,4.041581901494e+00,2.533635224005e+01,7.091191952864e+01,1.390086388128e+02,2.298232213208e+02,3.431352779950e+02,4.793345840723e+02,6.384399856675e+02,8.196920586541e+02,1.023739390447e+03
0.302,4.041598341242e+00,2.533621040013e+01,7.091184425642e+01,1.390103748555e+02,2.298205905536e+02,3.431310038509e+02,4.793468932885e+02,6.384390872082e+02,8.196654998050e+02,1.023764605432e+03
0.304,4.041614695068e+00,2.533606660348e+01,7.091179156486e+01,1.390120838613e+02,2.298177792082e+02,3.431271825157e+02,4.793594400362e+02,6.384363529300e+02,8.196401817299e+02,1.023793295843e+03
0.306,4.041630962989e+00,2.533592091963e+01,7.091176147010e+01,1.390137622411e+02,2.298147959512e+02,3.431238322644e+02,4.793721409830e+02,6.384318073873e+02,8.196163930651e+02,1.023825053180e+03
0.308,4.041647145023e+00,2.533577341821e+01,7.091175396420e+01,1.390154064698e+02,2.298116500151e+02,3.431209691362e+02,4.793849117633e+02,6.384254911926e+02,8.195944050001e+02,1.023859425285e+03
0.310,4.041663241192e+00,2.533562416895e+01,7.091176901517e+01,1.390170130928e+02,2.298083511680e+02,3.431186068571e+02,4.793976675394e+02,6.384174606570e+02,8.195744681882e+02,1.023895922777e+03
0.312,4.041679251517e+00,2.533547324170e+01,7.091180656708e+01,1.390185787326e+02,2.298049096819e+02,3.431167567728e+02,4.794103235674e+02,6.384077872903e+02,8.195568098902e+02,1.023934026025e+03
0.314,4.041695176024e+00,2.533532070636e+01,7.091186654019e+01,1.390201000959e+02,2.298013362999e+02,3.431154277941e+02,4.794227957612e+02,6.383965571675e+02,8.195416313854e+02,1.023973192540e+03
0.316,4.041711014737e+00,2.533516663289e+01,7.091194883112e+01,1.390215739797e+02,2.297976422008e+02,3.431146263535e+02,4.794350012531e+02,6.383838701649e+02,8.195291056778e+02,1.024012864701e+03
0.318,4.041726767686e+00,2.533501109129e+01,7.091205331299e+01,1.390229972775e+02,2.297938389636e+02,3.431143563732e+02,4.794468589461e+02,6.383698390746e+02,8.195193755259e+02,1.024052477690e+03
0.320,4.041742434900e+00,2.533485415157e+01,7.091217983563e+01,1.390243669858e+02,2.297899385296e+02,3.431146192460e+02,4.794582900541e+02,6.383545886039e+02,8.195125518155e+02,1.024091467535e+03
0.322,4.041758016411e+00,2.533469588374e+01,7.091232822579e+01,1.390256802093e+02,2.297859531641e+02,3.431154138275e+02,4.794692186270e+02,6.383382542688e+02,8.195087122976e+02,1.024129279137e+03
0.324,4.041773512253e+00,2.533453635781e+01,7.091249828737e+01,1.390269341673e+02,2.297818954167e+02,3.431167364412e+02,4.794795720573e+02,6.383209811923e+02,8.195079007020e+02,1.024165374173e+03
0.326,4.041788922461e+00,2.533437564374e+01,7.091268980167e+01,1.390281261982e+02,2.297777780806e+02,3.431185808950e+02,4.794892815635e+02,6.383029228162e+02,8.195101262403e+02,1.024199238758e+03
0.328,4.041804247073e+00,2.533421381141e+01,7.091290252770e+01,1.390292537658e+02,2.297736141516e+02,3.431209385103e+02,4.794982826491e+02,6.382842395406e+02,8.195153635015e+02,1.024230390760e+03
0.330,4.041819486129e+00,2.533405093068e+01,7.091313620241e+01,1.390303144630e+02,2.297694167860e+02,3.431237981627e+02,4.795065155324e+02,6.382650973002e+02,8.195235527419e+02,1.024258386664e+03
0.332,4.041834639671e+00,2.533388707127e+01,7.091339054107e+01,1.390313060176e+02,2.297651992581e+02,3.431271463345e+02,4.795139255451e+02,6.382456660926e+02,8.195346005673e+02,1.024282827887e+03
0.334,4.041849707741e+00,2.533372230281e+01,7.091366523758e+01,1.390322262959e+02,2.297609749174e+02,3.431309671788e+02,4.795204634968e+02,6.382261184693e+02,8.195483809975e+02,1.024303366447e+03
0.336,4.041864690386e+00,2.533355669481e+01,7.091395996482e+01,1.390330733071e+02,2.297567571458e+02,3.431352425944e+02,4.795260860031e+02,6.382066280057e+02,8.195647369033e+02,1.024319709921e+03
0.338,4.041879587654e+00,2.533339031662e+01,7.091427437502e+01,1.390338452074e+02,2.297525593139e+02,3.431399523119e+02,4.795307557747e+02,6.381873677601e+02,8.195834817978e+02,1.024331625607e+03
0.340,4.041894399593e+00,2.533322323743e+01,7.091460810018e+01,1.390345403032e+02,2.297483947383e+02,3.431450739900e+02,4.795344418665e+02,6.381685087387e+02,8.196044019623e+02,1.024338943833e+03
0.342,4.041909126255e+00,2.533305552625e+01,7.091496075246e+01,1.390351570545e+02,2.297442766388e+02,3.431505833214e+02,4.795371198836e+02,6.381502183785e+02,8.196272588832e+02,1.024341560376e+03
0.344,4.041923767695e+00,2.533288725188e+01,7.091533192461e+01,1.390356940779e+02,2.297402180951e+02,3.431564541489e+02,4.795387721443e+02,6.381326590610e+02,8.196517919706e+02,1.024339437945e+03
0.346,4.041938323968e+00,2.533271848291e+01,7.091572119043e+01,1.390361501492e+02,2.297362320054e+02,3.431626585896e+02,4.795393877984e+02,6.381159866722e+02,8.196777215292e+02,1.024332606709e+03
0.348,4.041952795132e+00,2.533254928768e+01,7.091612810523e+01,1.390365242058e+02,2.297323310442e+02,3.431691671677e+02,4.795389628992e+02,6.381003492187e+02,8.197047519466e+02,1.024321163870e+03
0.350,4.041967181246e+00,2.533237973429e+01,7.091655220628e+01,1.390368153488e+02,2.297285276220e+02,3.431759489548e+02,4.795375004301e+02,6.380858855152e+02,8.197325750630e+02,1.024305272279e+03
0.352,4.041981482373e+00,2.533220989055e+01,7.091699301338e+01,1.390370228444e+02,2.297248338447e+02,3.431829717175e+02,4.795350102852e+02,6.380727239524e+02,8.197608736840e+02,1.024285158116e+03
0.354,4.041995698577e+00,2.533203982399e+01,7.091745002930e+01,1.390371461256e+02,2.297212614751e+02,3.431902020709e+02,4.795315092032e+02,6.380609813579e+02,8.197893251965e+02,1.024261107672e+03
0.356,4.042009829925e+00,2.533186960182e+01,7.091792274035e+01,1.390371847934e+02,2.297178218946e+02,3.431976056375e+02,4.795270206562e+02,6.380507619600e+02,8.198176052460e+02,1.024233463275e+03
0.358,4.042023876483e+00,2.533169929094e+01,7.091841061691e+01,1.390371386169e+02,2.297145260666e+02,3.432051472114e+02,4.795215746931e+02,6.380421564624e+02,8.198453914336e+02,1.024202618411e+03
0.360,4.042037838324e+00,2.533152895787e+01,7.091891311399e+01,1.390370075344e+02,2.297113845014e+02,3.432127909259e+02,4.795152077398e+02,6.380352412401e+02,8.198723669915e+02,1.024169012129e+03
0.362,4.042051715518e+00,2.533135866880e+01,7.091942967182e+01,1.390367916530e+02,2.297084072217e+02,3.432205004249e+02,4.795079623562e+02,6.380300776615e+02,8.198982243934e+02,1.024133122789e+03
0.364,4.042065508142e+00,2.533118848952e+01,7.091995971640e+01,1.390364912488e+02,2.297056037311e+02,3.432282390357e+02,4.794998869529e+02,6.380267115442e+02,8.199226688601e+02,1.024095461252e+03
0.366,4.042079216272e+00,2.533101848543e+01,7.092050266013e+01,1.390361067657e+02,2.297029829826e+02,3.432359699447e+02,4.794910354685e+02,6.380251727487e+02,8.199454217193e+02,1.024056563606e+03
0.368,4.042092839988e+00,2.533084872152e+01,7.092105790240e+01,1.390356388150e+02,2.297005533503e+02,3.432436563722e+02,4.794814670101e+02,6.380254749135e+02,8.199662235825e+02,1.024016983539e+03
0.370,4.042106379369e+00,2.533067926232e+01,7.092162483024e+01,1.390350881741e+02,2.296983226020e+02,3.432512617484e+02,4.794712454595e+02,6.380276153345e+02,8.199848373010e+02,1.023977284455e+03
0.372,4.042119834501e+00,2.533051017193e+01,7.092220281891e+01,1.390344557847e+02,2.296962978743e+02,3.432587498879e+02,4.794604390477e+02,6.380315749892e+02,8.200010506699e+02,1.023938031451e+03
0.374,4.042133205467e+00,2.533034151398e+01,7.092279123259e+01,1.390337427511e+02,2.296944856496e+02,3.432660851621e+02,4.794491198995e+02,6.380373187061e+02,8.200146788462e+02,1.023899783280e+03
0.376,4.042146492357e+00,2.533017335162e+01,7.092338942500e+01,1.390329503380e+02,2.296928917347e+02,3.432732326691e+02,4.794373635535e+02,6.380447954765e+02,8.200255664560e+02,1.023863084391e+03
0.378,4.042159695260e+00,2.533000574748e+01,7.092399674008e+01,1.390320799679e+02,2.296915212426e+02,3.432801584008e+02,4.794252484583e+02,6.380539389083e+02,8.200335893654e+02,1.023828457178e+03
0.380,4.042172814268e+00,2.532983876369e+01,7.092461251266e+01,1.390311332184e+02,2.296903785754e+02,3.432868294046e+02,4.794128554497e+02,6.380646678148e+02,8.200386560957e+02,1.023796394551e+03
0.382,4.042185849476e+00,2.532967246184e+01,7.092523606911e+01,1.390301118191e+02,2.296894674105e+02,3.432932139413e+02,4.794002672118e+02,6.380768869360e+02,8.200407088657e+02,1.023767352911e+03
0.384,4.042198800981e+00,2.532950690296e+01,7.092586672809e+01,1.390290176481e+02,2.296887906880e+02,3.432992816360e+02,4.793875677260e+02,6.380904877842e+02,8.200397242504e+02,1.023741745660e+03
0.386,4.042211668881e+00,2.532934214751e+01,7.092650380118e+01,1.390278527281e+02,2.296883506018e+02,3.433050036234e+02,4.793748417112e+02,6.381053496070e+02,8.200357134481e+02,1.023719937309e+03
0.388,4.042224453277e+00,2.532917825539e+01,7.092714659359e+01,1.390266192230e+02,2.296881485917e+02,3.433103526855e+02,4.793621740593e+02,6.381213404592e+02,8.200287221525e+02,1.023702238299e+03
0.390,4.042237154272e+00,2.532901528588e+01,7.092779440492e+01,1.390253194331e+02,2.296881853394e+02,3.433153033818e+02,4.793496492688e+02,6.381383183745e+02,8.200188300321e+02,1.023688900570e+03
0.392,4.042249771974e+00,2.532885329765e+01,7.092844652979e+01,1.390239557908e+02,2.296884607651e+02,3.433198321703e+02,4.793373508821e+02,6.381561326253e+02,8.200061498216e+02,1.023680113985e+03
0.394,4.042262306488e+00,2.532869234874e+01,7.092910225861e+01,1.390225308558e+02,2.296889740287e+02,3.433239175203e+02,4.793253609286e+02,6.381746250609e+02,8.199908260373e+02,1.023676003620e+03
0.396,4.042274757926e+00,2.532853249655e+01,7.092976087825e+01,1.390210473102e+02,2.296897235313e+02,3.433275400150e+02,4.793137593774e+02,6.381936315115e+02,8.199730333296e+02,1.023676627990e+03
0.398,4.042287126399e+00,2.532837379779e+01,7.093042167280e+01,1.390195079530e+02,2.296907069210e+02,3.433306824443e+02,4.793026236050e+02,6.382129832449e+02,8.199529744921e+02,1.023681978209e+03
0.400,4.042299412023e+00,2.532821630854e+01,7.093108392429e+01,1.390179156947e+02,2.296919210997e+02,3.433333298869e+02,4.792920278789e+02,6.382325084652e+02,8.199308781500e+02,1.023691978121e+03
0.402,4.042311614915e+00,2.532806008416e+01,7.093174691336e+01,1.390162735519e+02,2.296933622331e+02,3.433354697818e+02,4.792820428629e+02,6.382520338368e+02,8.199069961543e+02,1.023706485384e+03
0.404,4.042323735192e+00,2.532790517929e+01,7.093240992004e+01,1.390145846408e+02,2.296950257626e+02,3.433370919880e+02,4.792727351460e+02,6.382713860237e+02,8.198816007108e+02,1.023725293493e+03
0.406,4.042335772978e+00,2.532775164790e+01,7.093307222444e+01,1.390128521717e+02,2.296969064201e+02,3.433381888331e+02,4.792641667985e+02,6.382903932276e+02,8.198549812775e+02,1.023748134723e+03
0.408,4.042347728396e+00,2.532759954317e+01,7.093373310748e+01,1.390110794423e+02,2.296989982444e+02,3.433387551502e+02,4.792563949584e+02,6.383088867133e+02,8.198274412650e+02,1.023774683938e+03
0.410,4.042359601572e+00,2.532744891758e+01,7.093439185162e+01,1.390092698314e+02,2.297012946002e+02,3.433387883020e+02,4.792494714504e+02,6.383267023061e+02,8.197992945781e+02,1.023804563221e+03
0.412,4.042371392634e+00,2.532729982281e+01,7.093504774154e+01,1.390074267924e+02,2.297037881993e+02,3.433382881942e+02,4.792434424405e+02,6.383436818493e+02,8.197708620377e+02,1.023837347249e+03
0.414,4.042383101714e+00,2.532715230980e+01,7.093570006491e+01,1.390055538464e+02,2.297064711237e+02,3.433372572755e+02,4.792383481286e+02,6.383596746079e+02,8.197424677239e+02,1.023872569353e+03
0.416,4.042394728944e+00,2.532700642867e+01,7.093634811304e+01,1.390036545754e+02,2.297093348508e+02,3.433357005259e+02,4.792342224799e+02,6.383745386063e+02,8.197144352821e+02,1.023909728159e+03
0.418,4.042406274459e+00,2.532686222877e+01,7.093699118164e+01,1.390017326151e+02,2.297123702807e+02,3.433336254336e+02,4.792310929994e+02,6.383881418893e+02,8.196870842334e+02,1.023948294722e+03
0.420,4.042417738397e+00,2.532671975861e+01,7.093762857148e+01,1.389997916481e+02,2.297155677648e+02,3.433310419584e+02,4.792289805479e+02,6.384003636925e+02,8.196607263332e+02,1.023987720060e+03
0.422,4.042429120898e+00,2.532657906590e+01,7.093825958911e+01,1.389978353965e+02,2.297189171372e+02,3.433279624850e+02,4.792278992036e+02,6.384110955146e+02,8.196356620171e+02,1.024027442965e+03
0.424,4.042440422105e+00,2.532644019749e+01,7.093888354752e+01,1.389958676147e+02,2.297224077465e+02,3.433244017634e+02,4.792278561678e+02,6.384202420805e+02,8.196121769764e+02,1.024066897995e+03
0.426,4.042451642162e+00,2.532630319939e+01,7.093949976687e+01,1.389938920820e+02,2.297260284902e+02,3.433203768391e+02,4.792288517174e+02,6.384277221870e+02,8.195905389020e+02,1.024105523519e+03
0.428,4.042462781215e+00,2.532616811676e+01,7.094010757512e+01,1.389919125954e+02,2.297297678497e+02,3.433159069709e+02,4.792308792030e+02,6.384334694232e+02,8.195709944326e+02,1.024142769713e+03
0.430,4.042473839415e+00,2.532603499387e+01,7.094070630870e+01,1.389899329618e+02,2.297336139275e+02,3.433110135400e+02,4.792339250932e+02,6.384374327604e+02,8.195537663437e+02,1.024178106391e+03
0.432,4.042484816912e+00,2.532590387412e+01,7.094129531320e+01,1.389879569912e+02,2.297375544851e+02,3.433057199472e+02,4.792379690652e+02,6.384395770048e+02,8.195390510082e+02,1.024211030545e+03
0.434,4.042495713862e+00,2.532577480002e+01,7.094187394398e+01,1.389859884884e+02,2.297415769817e+02,3.433000515018e+02,4.792429841403e+02,6.384398831100e+02,8.195270161578e+02,1.024241073510e+03
0.436,4.042506530419e+00,2.532564781314e+01,7.094244156682e+01,1.389840312465e+02,2.297456686146e+02,3.432940353003e+02,4.792489368635e+02,6.384383483458e+02,8.195177989715e+02,1.024267807633e+03
0.438,4.042517266742e+00,2.532552295420e+01,7.094299755855e+01,1.389820890386e+02,2.297498163601e+02,3.432877000977e+02,4.792557875275e+02,6.384349863227e+02,8.195115045115e+02,1.024290852363e+03
0.440,4.042527922993e+00,2.532540026293e+01,7.094354130767e+01,1.389801656112e+02,2.297540070147e+02,3.432810761695e+02,4.792634904367e+02,6.384298268708e+02,8.195082045259e+02,1.024309879665e+03
0.442,4.042538499334e+00,2.532527977817e+01,7.094407221491e+01,1.389782646764e+02,2.297582272379e+02,3.432741951680e+02,4.792719942123e+02,6.384229157753e+02,8.195079366308e+02,1.024324618693e+03
0.444,4.042548995932e+00,2.532516153781e+01,7.094458969390e+01,1.389763899048e+02,2.297624635941e+02,3.432670899707e+02,4.792812421350e+02,6.384143143698e+02,8.195107038814e+02,1.024334859642e+03
0.446,4.042559412953e+00,2.532504557877e+01,7.094509317167e+01,1.389745449183e+02,2.297667025962e+02,3.432597945237e+02,4.792911725234e+02,6.384040989921e+02,8.195164747373e+02,1.024340456736e+03
0.448,4.042569750569e+00,2.532493193704e+01,7.094558208925e+01,1.389727332832e+02,2.297709307481e+02,3.432523436794e+02,4.793017191448e+02,6.383923603064e+02,8.195251834219e+02,1.024341330304e+03
0.450,4.042580008952e+00,2.532482064760e+01,7.094605590221e+01,1.389709585028e+02,2.297751345883e+02,3.432447730304e+02,4.793128116578e+02,6.383792024987e+02,8.195367306720e+02,1.024337467912e+03
0.452,4.042590188277e+00,2.532471174451e+01,7.094651408119e+01,1.389692240112e+02,2.297793007326e+02,3.432371187395e+02,4.793243760802e+02,6.383647423519e+02,8.195509848695e+02,1.024328924543e+03
0.454,4.042600288721e+00,2.532460526079e+01,7.094695611244e+01,1.389675331658e+02,2.297834159171e+02,3.432294173672e+02,4.793363352837e+02,6.383491082092e+02,8.195677835414e+02,1.024315821811e+03
0.456,4.042610310463e+00,2.532450122850e+01,7.094738149828e+01,1.389658892415e+02,2.297874670402e+02,3.432217056971e+02,4.793486095069e+02,6.383324388349e+02,8.195869352118e+02,1.024298346232e+03
0.458,4.042620253686e+00,2.532439967871e+01,7.094778975763e+01,1.389642954238e+02,2.297914412052e+02,3.432140205601e+02,4.793611168883e+02,6.383148821829e+02,8.196082215844e+02,1.024276746569e+03
0.460,4.042630118574e+00,2.532430064146e+01,7.094818042647e+01,1.389627548029e+02,2.297953257606e+02,3.432063986594e+02,4.793737740116e+02,6.382965940831e+02,8.196314000307e+02,1.024251330290e+03
0.462,4.042639905313e+00,2.532420414579e+01,7.094855305825e+01,1.389612703671e+02,2.297991083414e+02,3.431988763944e+02,4.793864964619e+02,6.382777368582e+02,8.196562063556e+02,1.024222459190e+03
0.464,4.042649614093e+00,2.532411021974e+01,7.094890722441e+01,1.389598449977e+02,2.298027769081e+02,3.431914896874e+02,4.793991993891e+02,6.382584778834e+02,8.196823578087e+02,1.024190544245e+03
0.466,4.042659245103e+00,2.532401889029e+01,7.094924251469e+01,1.389584814630e+02,2.298063197852e+02,3.431842738122e+02,4.794117980730e+02,6.382389881000e+02,8.197095563073e+02,1.024156039759e+03
0.468,4.042668798539e+00,2.532393018343e+01,7.094955853763e+01,1.389571824125e+02,2.298097256988e+02,3.431772632256e+02,4.794242084890e+02,6.382194404986e+02,8.197374918342e+02,1.024119436895e+03
0.470,4.042678274596e+00,2.532384412410e+01,7.094985492087e+01,1.389559503725e+02,2.298129838127e+02,3.431704914031e+02,4.794363478678e+02,6.382000085835e+02,8.197658459709e+02,1.024081256689e+03
0.472,4.042687673472e+00,2.532376073621e+01,7.095013131157e+01,1.389547877405e+02,2.298160837625e+02,3.431639906788e+02,4.794481352476e+02,6.381808648326e+02,8.197942955277e+02,1.024042042629e+03
0.474,4.042696995367e+00,2.532368004261e+01,7.095038737670e+01,1.389536967807e+02,2.298190156894e+02,3.431577920915e+02,4.794594920140e+02,6.381621791662e+02,8.198225162271e+02,1.024002352918e+03
0.476,4.042706240485e+00,2.532360206514e+01,7.095062280341e+01,1.389526796198e+02,2.298217702712e+02,3.431519252361e+02,4.794703424240e+02,6.381441174392e+02,8.198501864002e+02,1.023962752532e+03
0.478,4.042715409030e+00,2.532352682455e+01,7.095083729928e+01,1.389517382423e+02,2.298243387527e+02,3.431464181230e+02,4.794806141112e+02,6.381268399687e+02,8.198769906532e+02,1.023923805173e+03
0.480,4.042724501209e+00,2.532345434058e+01,7.095103059266e+01,1.389508744872e+02,2.298267129730e+02,3.431412970436e+02,4.794902385686e+02,6.381105001108e+02,8.199026234623e+02,1.023886065251e+03
0.482,4.042733517234e+00,2.532338463187e+01,7.095120243286e+01,1.389500900438e+02,2.298288853922e+02,3.431365864455e+02,4.794991516047e+02,6.380952428999e+02,8.199267926566e+02,1.023850069984e+03
0.484,4.042742457315e+00,2.532331771605e+01,7.095135259044e+01,1.389493864487e+02,2.298308491152e+02,3.431323088155e+02,4.795072937724e+02,6.380812037606e+02,8.199492227477e+02,1.023816331757e+03
0.486,4.042751321666e+00,2.532325360966e+01,7.095148085744e+01,1.389487650830e+02,2.298325979139e+02,3.431284845725e+02,4.795146107647e+02,6.380685073064e+02,8.199696580703e+02,1.023785330828e+03
0.488,4.042760110505e+00,2.532319232819e+01,7.095158704749e+01,1.389482271687e+02,2.298341262471e+02,3.431251319699e+02,4.795210537772e+02,6.380572662330e+02,8.199878656964e+02,1.023757508488e+03
0.490,4.042768824051e+00,2.532313388606e+01,7.095167099610e+01,1.389477737674e+02,2.298354292783e+02,3.431222670084e+02,4.795265798335e+02,6.380475803183e+02,8.200036380901e+02,1.023733260782e+03
0.492,4.042777462524e+00,2.532307829663e+01,7.095173256073e+01,1.389474057773e+02,2.298365028909e+02,3.431199033600e+02,4.795311520715e+02,6.380395355367e+02,8.200167954734e+02,1.023712932871e+03
0.494,4.042786026147e+00,2.532302557221e+01,7.095177162095e+01,1.389471239318e+02,2.298373437017e+02,3.431180523025e+02,4.795347399895e+02,6.380332032958e+02,8.200271878749e+02,1.023696814117e+03
0.496,4.042794515147e+00,2.532297572402e+01,7.095178807856e+01,1.389469287979e+02,2.298379490718e+02,3.431167226660e+02,4.795373196495e+02,6.380286398028e+02,8.200346968401e+02,1.023685133969e+03
0.498,4.042802929752e+00,2.532292876224e+01,7.095178185764e+01,1.389468207751e+02,2.298383171147e+02,3.431159207904e+02,4.795388738364e+02,6.380258855654e+02,8.200392367808e+02,1.023678058690e+03
0.500,4.042811270191e+00,2.532288469598e+01,7.095175290466e+01,1.389468000946e+02,2.298384467026e+02,3.431156504955e+02,4.795393921736e+02,6.380249650322e+02,8.200407559511e+02,1.023675688995e+03
0.502,4.042819536697e+00,2.532284353327e+01,7.095170118850e+01,1.389468668186e+02,2.298383374700e+02,3.431159130628e+02,4.795388711915e+02,6.380258863758e+02,8.200392370369e+02,1.023678058615e+03
0.504,4.042827729505e+00,2.532280528110e+01,7.095162670047e+01,1.389470208403e+02,2.298379898150e+02,3.431167072293e+02,4.795373143507e+02,6.380286414201e+02,8.200346973537e+02,1.023685133821e+03
0.506,4.042835848852e+00,2.532276994539e+01,7.095152945432e+01,1.389472618839e+02,2.298374048977e+02,3.431180291938e+02,4.795347320193e+02,6.380332057131e+02,8.200271886490e+02,1.023696813897e+03
0.508,4.042843894976e+00,2.532273753101e+01,7.095140948620e+01,1.389475895054e+02,2.298365846370e+02,3.431198726349e+02,4.795311414033e+02,6.380395387435e+02,8.200167965122e+02,1.023712932579e+03
0.510,4.042851868120e+00,2.532270804175e+01,7.095126685463e+01,1.389480030928e+02,2.298355317040e+02,3.431222287413e+02,4.795265664320e+02,6.380475843007e+02,8.200036393995e+02,1.023733260422e+03
0.512,4.042859768526e+00,2.532268148038e+01,7.095110164043e+01,1.389485018679e+02,2.298342495140e+02,3.431250862542e+02,4.795210375987e+02,6.380572709733e+02,8.199878672835e+02,1.023757508062e+03
0.514,4.042867596441e+00,2.532265784859e+01,7.095091394662e+01,1.389490848870e+02,2.298327422152e+02,3.431284315207e+02,4.795145917570e+02,6.380685127832e+02,8.199696599435e+02,1.023785330340e+03
0.516,4.042875352113e+00,2.532263714704e+01,7.095070389831e+01,1.389497510435e+02,2.298310146754e+02,3.431322485595e+02,4.795072718750e+02,6.380812099488e+02,8.199492249168e+02,1.023816331210e+03
0.518,4.042883035791e+00,2.532261937534e+01,7.095047164258e+01,1.389504990692e+02,2.298290724671e+02,3.431365191368e+02,4.794991267492e+02,6.380952497702e+02,8.199267951326e+02,1.023850069382e+03
0.520,4.042890647728e+00,2.532260453207e+01,7.095021734832e+01,1.389513275372e+02,2.298269218488e+02,3.431412228539e+02,4.794902106787e+02,6.381105076299e+02,8.199026262574e+02,1.023886064600e+03
0.522,4.042898188178e+00,2.532259261475e+01,7.094994120604e+01,1.389522348643e+02,2.298245697459e+02,3.431463372445e+02,4.794805831033e+02,6.381268480989e+02,8.198769937804e+02,1.023923804479e+03
0.524,4.042905657399e+00,2.532258361991e+01,7.094964342770e+01,1.389532193143e+02,2.298220237279e+02,3.431518378818e+02,4.794703082070e+02,6.381441261385e+02,8.198501898739e+02,1.023962751800e+03
0.526,4.042913055649e+00,2.532257754300e+01,7.094932424645e+01,1.389542790010e+02,2.298192919846e+02,3.431576984955e+02,4.794594544901e+02,6.381621883878e+02,8.198225200623e+02,1.024002352158e+03
0.528,4.042920383189e+00,2.532257437850e+01,7.094898391645e+01,1.389554118917e+02,2.298163832996e+02,3.431638910972e+02,4.794480943126e+02,6.381808745249e+02,8.197942997401e+02,1.024042041848e+03
0.530,4.042927640282e+00,2.532257411986e+01,7.094862271253e+01,1.389566158117e+02,2.298133070228e+02,3.431703861144e+02,4.794363034115e+02,6.382000186898e+02,8.197658505769e+02,1.024081255896e+03
0.532,4.042934827193e+00,2.532257675950e+01,7.094824093000e+01,1.389578884475e+02,2.298100730400e+02,3.431771525311e+02,4.794241603955e+02,6.382194509569e+02,8.197374968509e+02,1.024119436100e+03
0.534,4.042941944191e+00,2.532258228887e+01,7.094783888427e+01,1.389592273521e+02,2.298066917414e+02,3.431841580366e+02,4.794117462213e+02,6.382389988426e+02,8.197095617519e+02,1.024156038972e+03
0.536,4.042948991543e+00,2.532259069840e+01,7.094741691060e+01,1.389606299489e+02,2.298031739886e+02,3.431913691797e+02,4.793991436538e+02,6.382584888371e+02,8.196823636987e+02,1.024190543479e+03
0.538,4.042955969523e+00,2.532260197756e+01,7.094697536368e+01,1.389620935374e+02,2.297995310797e+02,3.431987515283e+02,4.793864367137e+02,6.382777479436e+02,8.196562127086e+02,1.024222458457e+03
0.540,4.042962878402e+00,2.532261611480e+01,7.094651461735e+01,1.389636152976e+02,2.297957747134e+02,3.432062698342e+02,4.793737101176e+02,6.382966052144e+02,8.196314068639e+02,1.024251329603e+03
0.542,4.042969718458e+00,2.532263309764e+01,7.094603506419e+01,1.389651922959e+02,2.297919169512e+02,3.432138882012e+02,4.793610487132e+02,6.383148932679e+02,8.196082289147e+02,1.024276745945e+03
0.544,4.042976489968e+00,2.532265291261e+01,7.094553711510e+01,1.389668214903e+02,2.297879701794e+02,3.432215702567e+02,4.793485369133e+02,6.383324497747e+02,8.195869430556e+02,1.024298345686e+03
0.546,4.042983193212e+00,2.532267554528e+01,7.094502119895e+01,1.389684997368e+02,2.297839470690e+02,3.432292793253e+02,4.793362581331e+02,6.383491188975e+02,8.195677919143e+02,1.024315821359e+03
0.548,4.042989828472e+00,2.532270098030e+01,7.094448776207e+01,1.389702237948e+02,2.297798605354e+02,3.432369786045e+02,4.793242942338e+02,6.383647526756e+02,8.195509937853e+02,1.024328924204e+03
0.550,4.042996396031e+00,2.532272920136e+01,7.094393726788e+01,1.389719903337e+02,2.297757236971e+02,3.432446313398e+02,4.793127249770e+02,6.383792123368e+02,8.195367401439e+02,1.024337467706e+03
0.552,4.043002896176e+00,2.532276019122e+01,7.094337019635e+01,1.389737959389e+02,2.297715498339e+02,3.432522010009e+02,4.793016274928e+02,6.383923695302e+02,8.195251934615e+02,1.024341330251e+03
0.554,4.043009329194e+00,2.532279393174e+01,7.094278704360e+01,1.389756371187e+02,2.297673523440e+02,3.432596514557e+02,4.792910757655e+02,6.384041074650e+02,8.195164853536e+02,1.024340456858e+03
0.556,4.043015695375e+00,2.532283040385e+01,7.094218832135e+01,1.389775103110e+02,2.297631447018e+02,3.432669471432e+02,4.792811401400e+02,6.384143219468e+02,8.195107150811e+02,1.024334859963e+03
0.558,4.043021995012e+00,2.532286958759e+01,7.094157455640e+01,1.389794118896e+02,2.297589404141e+02,3.432740532435e+02,4.792718868535e+02,6.384229223033e+02,8.195079484190e+02,1.024324619237e+03
0.560,4.043028228398e+00,2.532291146212e+01,7.094094629015e+01,1.389813381719e+02,2.297547529773e+02,3.432809358437e+02,4.792633775930e+02,6.384298321879e+02,8.195082169032e+02,1.024309880456e+03
0.562,4.043034395829e+00,2.532295600572e+01,7.094030407805e+01,1.389832854251e+02,2.297505958344e+02,3.432875621004e+02,4.792556690847e+02,6.384349902584e+02,8.195115174764e+02,1.024290853429e+03
0.564,4.043040497603e+00,2.532300319580e+01,7.093964848901e+01,1.389852498743e+02,2.297464823314e+02,3.432939003963e+02,4.792488127153e+02,6.384383507209e+02,8.195178125176e+02,1.024267809000e+03
0.566,4.043046534019e+00,2.532305300891e+01,7.093898010486e+01,1.389872277088e+02,2.297424256752e+02,3.432999204911e+02,4.792428541898e+02,6.384398837363e+02,8.195270302752e+02,1.024241075209e+03
0.568,4.043052505379e+00,2.532310542078e+01,7.093829951979e+01,1.389892150901e+02,2.297384388911e+02,3.433055936666e+02,4.792378332265e+02,6.384395756852e+02,8.195390656822e+02,1.024211032605e+03
0.570,4.043058411987e+00,2.532316040630e+01,7.093760733974e+01,1.389912081588e+02,2.297345347808e+02,3.433108928633e+02,4.792337832925e+02,6.384374292887e+02,8.195537815544e+02,1.024178108844e+03
0.572,4.043064254147e+00,2.532321793953e+01,7.093690418178e+01,1.389932030422e+02,2.297307258822e+02,3.433157928098e+02,4.792307313803e+02,6.384334635845e+02,8.195710101543e+02,1.024142772589e+03
0.574,4.043070032168e+00,2.532327799374e+01,7.093619067353e+01,1.389951958617e+02,2.297270244285e+02,3.433202701437e+02,4.792286978279e+02,6.384277137574e+02,8.195905551033e+02,1.024105526850e+03
0.576,4.043075746357e+00,2.532334054141e+01,7.093546745254e+01,1.389971827403e+02,2.297234423093e+02,3.433243035233e+02,4.792276961838e+02,6.384202308274e+02,8.196121936188e+02,1.024066901818e+03
0.578,4.043081397027e+00,2.532340555423e+01,7.093473516564e+01,1.389991598098e+02,2.297199910329e+02,3.433278737292e+02,4.792277331160e+02,6.384110811969e+02,8.196356790557e+02,1.024027447308e+03
0.580,4.043086984489e+00,2.532347300314e+01,7.093399446829e+01,1.390011232184e+02,2.297166816886e+02,3.433309637566e+02,4.792288083681e+02,6.384003460607e+02,8.196607437149e+02,1.023987724958e+03
0.582,4.043092509059e+00,2.532354285833e+01,7.093324602397e+01,1.390030691379e+02,2.297135249122e+02,3.433335588962e+02,4.792309147611e+02,6.383881206860e+02,8.196871018964e+02,1.023948300206e+03
0.584,4.043097971053e+00,2.532361508923e+01,7.093249050350e+01,1.390049937713e+02,2.297105308510e+02,3.433356468047e+02,4.792340382410e+02,6.383745135663e+02,8.197144531572e+02,1.023909734265e+03
0.586,4.043103370788e+00,2.532368966457e+01,7.093172858438e+01,1.390068933598e+02,2.297077091320e+02,3.433372175638e+02,4.792381579733e+02,6.383596454590e+02,8.197424857306e+02,1.023872576115e+03
0.588,4.043108708585e+00,2.532376655237e+01,7.093096095012e+01,1.390087641901e+02,2.297050688306e+02,3.433382637275e+02,4.792432464813e+02,6.383436483126e+02,8.197708800874e+02,1.023837354695e+03
0.590,4.043113984766e+00,2.532384571995e+01,7.093018828960e+01,1.390106026015e+02,2.297026184414e+02,3.433387803579e+02,4.792492698299e+02,6.383266640965e+02,8.197993125708e+02,1.023804571385e+03
0.592,4.043119199653e+00,2.532392713397e+01,7.092941129632e+01,1.390124049931e+02,2.297003658515e+02,3.433387650486e+02,4.792561878520e+02,6.383088435403e+02,8.198274590896e+02,1.023774692846e+03
0.594,4.043124353572e+00,2.532401076039e+01,7.092863066780e+01,1.390141678302e+02,2.296983183147e+02,3.433382179365e+02,4.792639544163e+02,6.382903447963e+02,8.198549988112e+02,1.023748144401e+03
0.596,4.043129446849e+00,2.532409656456e+01,7.092784710485e+01,1.390158876515e+02,2.296964824283e+02,3.433371417010e+02,4.792725177352e+02,6.382713320355e+02,8.198816178186e+02,1.023725303969e+03
0.598,4.043134479813e+00,2.532418451119e+01,7.092706131088e+01,1.390175610755e+02,2.296948641120e+02,3.433355415513e+02,4.792818207102e+02,6.382519739903e+02,8.199070126884e+02,1.023706496682e+03
0.600,4.043139452794e+00,2.532427456436e+01,7.092627399123e+01,1.390191848072e+02,2.296934685886e+02,3.433334252017e+02,4.792918013128e+02,6.382324424572e+02,8.199308939488e+02,1.023691990252e+03
0.602,4.043144366124e+00,2.532436668757e+01,7.092548585247e+01,1.390207556441e+02,2.296923003675e+02,3.433308028346e+02,4.793023929984e+02,6.382129107723e+02,8.199529893810e+02,1.023681991188e+03
0.604,4.043149220135e+00,2.532446084372e+01,7.092469760171e+01,1.390222704825e+02,2.296913632302e+02,3.433276870520e+02,4.793135251501e+02,6.381935522716e+02,8.199730471183e+02,1.023676641822e+03
0.606,4.043154015164e+00,2.532455699515e+01,7.092390994589e+01,1.390237263232e+02,2.296906602174e+02,3.433240928154e+02,4.793251235496e+02,6.381745387539e+02,8.199908385212e+02,1.023676018315e+03
0.608,4.043158751545e+00,2.532465510367e+01,7.092312359113e+01,1.390251202778e+02,2.296901936199e+02,3.433200373743e+02,4.793371108728e+02,6.381560389552e+02,8.200061607810e+02,1.023680129535e+03
0.610,4.043163429618e+00,2.532475513052e+01,7.092233924201e+01,1.390264495733e+02,2.296899649707e+02,3.433155401839e+02,4.793494072048e+02,6.381382170509e+02,8.200188392306e+02,1.023688916972e+03
0.612,4.043168049723e+00,2.532485703645e+01,7.092155760089e+01,1.390277115582e+02,2.296899750402e+02,3.433106228122e+02,4.793619305738e+02,6.381212311997e+02,8.200287293388e+02,1.023702255537e+03
0.614,4.043172612199e+00,2.532496078171e+01,7.092077936723e+01,1.390289037074e+02,2.296902238332e+02,3.433053088370e+02,4.793745974975e+02,6.381052321385e+02,8.200357183533e+02,1.023719955350e+03
0.616,4.043177117390e+00,2.532506632606e+01,7.092000523691e+01,1.390300236265e+02,2.296907105891e+02,3.432996237332e+02,4.793873235398e+02,6.380903618458e+02,8.200397265896e+02,1.023741764476e+03
0.618,4.043181565640e+00,2.532517362880e+01,7.091923590154e+01,1.390310690568e+02,2.296914337837e+02,3.432935947514e+02,4.794000238744e+02,6.380767522810e+02,8.200407083369e+02,1.023767372458e+03
0.620,4.043185957294e+00,2.532528264879e+01,7.091847204782e+01,1.390320378798e+02,2.296923911343e+02,3.432872507876e+02,4.794126138506e+02,6.380645242127e+02,8.200386523800e+02,1.023796414775e+03
0.622,4.043190292700e+00,2.532539334446e+01,7.091771435684e+01,1.390329281205e+02,2.296935796067e+02,3.432806222450e+02,4.794250095578e+02,6.380537861485e+02,8.200335821270e+02,1.023828478006e+03
0.624,4.043194572205e+00,2.532550567381e+01,7.091696350345e+01,1.390337379520e+02,2.296949954244e+02,3.432737408891e+02,4.794371283854e+02,6.380446333705e+02,8.200255553425e+02,1.023863105739e+03
0.626,4.043198796161e+00,2.532561959449e+01,7.091622015558e+01,1.390344656982e+02,2.296966340809e+02,3.432666396958e+02,4.794488895737e+02,6.380371470909e+02,8.200146634883e+02,1.023899805049e+03
0.628,4.043202964917e+00,2.532573506374e+01,7.091548497363e+01,1.390351098375e+02,2.296984903534e+02,3.432593526938e+02,4.794602147530e+02,6.380313937302e+02,8.200010306829e+02,1.023938053553e+03
0.630,4.043207078828e+00,2.532585203845e+01,7.091475860981e+01,1.390356690055e+02,2.297005583198e+02,3.432519148024e+02,4.794710284660e+02,6.380274243289e+02,8.199848122834e+02,1.023977306745e+03
0.632,4.043211138245e+00,2.532597047520e+01,7.091404170750e+01,1.390361419975e+02,2.297028313768e+02,3.432443616639e+02,4.794812586717e+02,6.380252740939e+02,8.199661931186e+02,1.024017005879e+03
0.634,4.043215143526e+00,2.532609033022e+01,7.091333490068e+01,1.390365277708e+02,2.297053022612e+02,3.432367294743e+02,4.794908372254e+02,6.380249620870e+02,8.199453853787e+02,1.024056585809e+03
0.636,4.043219095025e+00,2.532621155945e+01,7.091263881328e+01,1.390368254467e+02,2.297079630728e+02,3.432290548093e+02,4.794997003339e+02,6.380264910557e+02,8.199226262006e+02,1.024095483172e+03
0.638,4.043222993102e+00,2.532633411856e+01,7.091195405859e+01,1.390370343122e+02,2.297108052992e+02,3.432213744506e+02,4.795077889807e+02,6.380298474087e+02,8.198981749583e+02,1.024133144199e+03
0.640,4.043226838115e+00,2.532645796295e+01,7.091128123870e+01,1.390371538210e+02,2.297138198428e+02,3.432137252089e+02,4.795150493202e+02,6.380350013372e+02,8.198723103160e+02,1.024169032794e+03
0.642,4.043230630424e+00,2.532658304778e+01,7.091062094390e+01,1.390371835949e+02,2.297169970498e+02,3.432061437492e+02,4.795214330364e+02,6.380419070803e+02,8.198453270412e+02,1.024202638094e+03
0.644,4.043234370392e+00,2.532670932798e+01,7.090997375213e+01,1.390371234243e+02,2.297203267405e+02,3.431986664145e+02,4.795268976659e+02,6.380505033301e+02,8.198175326548e+02,1.024233481705e+03
0.646,4.043238058380e+00,2.532683675829e+01,7.090934022844e+01,1.390369732685e+02,2.297237982416e+02,3.431913290527e+02,4.795314068810e+02,6.380607137775e+02,8.197892439202e+02,1.024261124558e+03
0.648,4.043241694753e+00,2.532696529324e+01,7.090872092443e+01,1.390367332557e+02,2.297274004203e+02,3.431841668448e+02,4.795349307321e+02,6.380724477899e+02,8.197607832315e+02,1.024285173126e+03
0.650,4.043245279875e+00,2.532709488722e+01,7.090811637776e+01,1.390364036828e+02,2.297311217192e+02,3.431772141370e+02,4.795374458478e+02,6.380856012152e+02,8.197324749460e+02,1.024305285059e+03
0.652,4.043248814112e+00,2.532722549445e+01,7.090752711165e+01,1.390359850149e+02,2.297349501930e+02,3.431705042763e+02,4.795389355908e+02,6.381000573075e+02,8.197046416736e+02,1.024321174042e+03
0.654,4.043252297832e+00,2.532735706904e+01,7.090695363435e+01,1.390354778839e+02,2.297388735466e+02,3.431640694507e+02,4.795393901691e+02,6.381156877632e+02,8.196776006253e+02,1.024332613865e+03
0.656,4.043255731404e+00,2.532748956499e+01,7.090639643872e+01,1.390348830877e+02,2.297428791738e+02,3.431579405357e+02,4.795388067016e+02,6.381323538608e+02,8.196516599616e+02,1.024339441648e+03
0.658,4.043259115195e+00,2.532762293619e+01,7.090585600170e+01,1.390342015885e+02,2.297469541974e+02,3.431521469460e+02,4.795371892373e+02,6.381499076924e+02,8.196271153109e+02,1.024341560158e+03
0.660,4.043262449577e+00,2.532775713648e+01,7.090533278397e+01,1.390334345107e+02,2.297510855099e+02,3.431467164951e+02,4.795345487284e+02,6.381681934763e+02,8.196042463875e+02,1.024338939199e+03
0.662,4.043265734920e+00,2.532789211965e+01,7.090482722943e+01,1.390325831389e+02,2.297552598152e+02,3.431416752620e+02,4.795309029577e+02,6.381870489423e+02,8.195833138032e+02,1.024331616034e+03
0.664,4.043268971598e+00,2.532802783944e+01,7.090433976485e+01,1.390316489152e+02,2.297594636707e+02,3.431370474661e+02,4.795262764201e+02,6.382063067706e+02,8.195645561029e+02,1.024319694852e+03
0.666,4.043272159983e+00,2.532816424960e+01,7.090387079946e+01,1.390306334366e+02,2.297636835295e+02,3.431328553511e+02,4.795207001591e+02,6.382257960784e+02,8.195481870275e+02,1.024303345307e+03
0.668,4.043275300449e+00,2.532830130387e+01,7.090342072460e+01,1.390295384518e+02,2.297679057841e+02,3.431291190787e+02,4.795142115600e+02,6.382453439364e+02,8.195343931183e+02,1.024282800047e+03
0.670,4.043278393371e+00,2.532843895603e+01,7.090298991334e+01,1.390283658577e+02,2.297721168089e+02,3.431258566313e+02,4.795068541009e+02,6.382647769058e+02,8.195233315395e+02,1.024258351516e+03
0.672,4.043281439125e+00,2.532857715989e+01,7.090257872018e+01,1.390271176957e+02,2.297763030035e+02,3.431230837260e+02,4.794986770626e+02,6.382839225768e+02,8.195151283256e+02,1.024230347615e+03
0.674,4.043284438088e+00,2.532871586933e+01,7.090218748071e+01,1.390257961480e+02,2.297804508359e+02,3.431208137388e+02,4.794897352000e+02,6.383026111008e+02,8.195098769309e+02,1.024199186954e+03
0.676,4.043287390637e+00,2.532885503832e+01,7.090181651133e+01,1.390244035331e+02,2.297845468853e+02,3.431190576403e+02,4.794800883769e+02,6.383206766979e+02,8.195076371653e+02,1.024165312990e+03
0.678,4.043290297151e+00,2.532899462093e+01,7.090146610898e+01,1.390229423013e+02,2.297885778846e+02,3.431178239425e+02,4.794698011672e+02,6.383379591284e+02,8.195084345187e+02,1.024129207848e+03
0.680,4.043293158008e+00,2.532913457136e+01,7.090113655090e+01,1.390214150302e+02,2.297925307623e+02,3.431171186576e+02,4.794589424234e+02,6.383543051172e+02,8.195122598565e+02,1.024091385379e+03
0.682,4.043295973588e+00,2.532927484392e+01,7.090082809436e+01,1.390198244195e+02,2.297963926841e+02,3.431169452685e+02,4.794475848184e+02,6.383695697148e+02,8.195190695399e+02,1.024052383944e+03
0.684,4.043298744272e+00,2.532941539310e+01,7.090054097649e+01,1.390181732859e+02,2.298001510931e+02,3.431173047118e+02,4.794358043596e+02,6.383836175818e+02,8.195287859294e+02,1.024012758600e+03
0.686,4.043301470440e+00,2.532955617359e+01,7.090027541407e+01,1.390164645576e+02,2.298037937499e+02,3.431181953721e+02,4.794236798829e+02,6.383963241960e+02,8.195412982540e+02,1.023973073285e+03
0.688,4.043304152475e+00,2.532969714023e+01,7.090003160334e+01,1.390147012686e+02,2.298073087713e+02,3.431196130892e+02,4.794112925259e+02,6.384075769525e+02,8.195564638684e+02,1.023933892853e+03
0.690,4.043306790759e+00,2.532983824812e+01,7.089980971992e+01,1.390128865533e+02,2.298106846676e+02,3.431215511770e+02,4.793987251870e+02,6.384172761686e+02,8.195741099034e+02,1.023895774969e+03
0.692,4.043309385675e+00,2.532997945256e+01,7.089960991861e+01,1.390110236395e+02,2.298139103790e+02,3.431240004547e+02,4.793860619724e+02,6.384253359659e+02,8.195940352323e+02,1.023859262109e+03
0.694,4.043311937605e+00,2.533012070912e+01,7.089943233333e+01,1.390091158434e+02,2.298169753106e+02,3.431269492897e+02,4.793733876343e+02,6.384316850355e+02,8.196160127283e+02,1.023824873910e+03
0.696,4.043314446936e+00,2.533026197363e+01,7.089927707702e+01,1.390071665623e+02,2.298198693658e+02,3.431303836520e+02,4.793607870056e+02,6.384362672700e+02,8.196397919257e+02,1.023793099718e+03
0.698,4.043316914049e+00,2.533040320221e+01,7.089914424159e+01,1.390051792685e+02,2.298225829780e+02,3.431342871807e+02,4.793483444338e+02,6.384390422627e+02,8.196651018174e+02,1.023764391777e+03
0.700,4.043319339332e+00,2.533054435130e+01,7.089903389788e+01,1.390031575025e+02,2.298251071409e+02,3.431386412605e+02,4.793361432176e+02,6.384399856673e+02,8.196916539515e+02,1.023739159018e+03
0.702,4.043321723169e+00,2.533068537765e+01,7.089894609563e+01,1.390011048664e+02,2.298274334370e+02,3.431434251098e+02,4.793242650511e+02,6.384390894134e+02,8.197191457535e+02,1.023717759810e+03
0.704,4.043324065947e+00,2.533082623835e+01,7.089888086351e+01,1.389990250168e+02,2.298295540638e+02,3.431486158791e+02,4.793127894778e+02,6.384363617794e+02,8.197472639065e+02,1.023700499188e+03
0.706,4.043326368050e+00,2.533096689086e+01,7.089883820912e+01,1.389969216578e+02,2.298314618582e+02,3.431541887586e+02,4.793017933598e+02,6.384318273193e+02,8.197756880570e+02,1.023687622601e+03
0.708,4.043328629867e+00,2.533110729300e+01,7.089881811906e+01,1.389947985341e+02,2.298331503196e+02,3.431601170955e+02,4.792913503643e+02,6.384255266450e+02,8.198040943027e+02,1.023679313057e+03
0.710,4.043330851784e+00,2.533124740300e+01,7.089882055900e+01,1.389926594239e+02,2.298346136296e+02,3.431663725204e+02,4.792815304712e+02,6.384175160666e+02,8.198321589869e+02,1.023675689130e+03
0.712,4.043333034188e+00,2.533138717948e+01,7.089884547375e+01,1.389905081312e+02,2.298358466704e+02,3.431729250812e+02,4.792723995053e+02,6.384078670925e+02,8.198595624111e+02,1.023676802381e+03
0.714,4.043335177466e+00,2.533152658151e+01,7.089889278740e+01,1.389883484793e+02,2.298368450410e+02,3.431797433847e+02,4.792640186959e+02,6.383966657943e+02,8.198859923537e+02,1.023682636336e+03
0.716,4.043337282007e+00,2.533166556859e+01,7.089896240346e+01,1.389861843029e+02,2.298376050706e+02,3.431867947458e+02,4.792564442686e+02,6.383840120439e+02,8.199111478055e+02,1.023693108375e+03
0.718,4.043339348198e+00,2.533180410068e+01,7.089905420499e+01,1.389840194410e+02,2.298381238297e+02,3.431940453414e+02,4.792497270666e+02,6.383700186269e+02,8.199347422408e+02,1.023708069169e+03
0.720,4.043341376427e+00,2.533194213822e+01,7.089916805482e+01,1.389818577299e+02,2.298383991400e+02,3.432014603712e+02,4.792439122126e+02,6.383548102402e+02,8.199565069938e+02,1.023727306111e+03
0.722,4.043343367083e+00,2.533207964213e+01,7.089930379568e+01,1.389797029955e+02,2.298384295798e+02,3.432090042220e+02,4.792390388045e+02,6.383385223883e+02,8.199761942715e+02,1.023750544530e+03
0.724,4.043345320554e+00,2.533221657386e+01,7.089946125052e+01,1.389775590464e+02,2.298382144892e+02,3.432166406364e+02,4.792351396542e+02,6.383213001759e+02,8.199935799771e+02,1.023777454480e+03
0.726,4.043347237228e+00,2.533235289536e+01,7.089964022267e+01,1.389754296663e+02,2.298377539711e+02,3.432243328844e+02,4.792322410659e+02,6.383032970222e+02,8.200084663160e+02,1.023807652470e+03
0.728,4.043349117494e+00,2.533248856912e+01,7.089984049612e+01,1.389733186074e+02,2.298370488912e+02,3.432320439373e+02,4.792303626591e+02,6.382846732987e+02,8.200206839806e+02,1.023840708711e+03
0.730,4.043350961740e+00,2.533262355820e+01,7.090006183585e+01,1.389712295829e+02,2.298361008745e+02,3.432397366430e+02,4.792295172361e+02,6.382655949026e+02,8.200300941442e+02,1.023876152824e+03
0.732,4.043352770354e+00,2.533275782621e+01,7.090030398806e+01,1.389691662602e+02,2.298349122997e+02,3.432473739015e+02,4.792297106944e+02,6.382462317855e+02,8.200365899939e+02,1.023913480315e+03
0.734,4.043354543725e+00,2.533289133735e+01,7.090056668055e+01,1.389671322540e+02,2.298334862918e+02,3.432549188408e+02,4.792309419839e+02,6.382267564473e+02,8.200400979941e+02,1.023952159904e+03
0.736,4.043356282241e+00,2.533302405641e+01,7.090084962303e+01,1.389651311195e+02,2.298318267116e+02,3.432623349910e+02,4.792332031130e+02,6.382073423934e+02,8.200405786988e+02,1.023991641324e+03
0.738,4.043357986291e+00,2.533315594880e+01,7.090115250749e+01,1.389631663457e+02,2.298299381429e+02,3.432695864570e+02,4.792364791980e+02,6.381881626036e+02,8.200380272034e+02,1.024031362513e+03
0.740,4.043359656261e+00,2.533328698053e+01,7.090147500856e+01,1.389612413491e+02,2.298278258781e+02,3.432766380880e+02,4.792407485597e+02,6.381693879957e+02,8.200324732167e+02,1.024070758312e+03
0.742,4.043361292541e+00,2.533341711829e+01,7.090181678396e+01,1.389593594671e+02,2.298254959006e+02,3.432834556437e+02,4.792459828663e+02,6.381511858916e+02,8.200239807076e+02,1.024109268408e+03
0.744,4.043362895517e+00,2.533354632936e+01,7.090217747485e+01,1.389575239521e+02,2.298229548659e+02,3.432900059560e+02,4.792521473174e+02,6.381337185492e+02,8.200126471871e+02,1.024146344592e+03
0.746,4.043364465578e+00,2.533367458174e+01,7.090255670628e+01,1.389557379652e+02,2.298202100802e+02,3.432962570857e+02,4.792592008746e+02,6.381171417102e+02,8.199986025927e+02,1.024181459821e+03
0.748,4.043366003109e+00,2.533380184407e+01,7.090295408768e+01,1.389540045705e+02,2.298172694765e+02,3.433021784734e+02,4.792670965303e+02,6.381016032112e+02,8.199820078060e+02,1.024214114562e+03
0.750,4.043367508497e+00,2.533392808568e+01,7.090336921326e+01,1.389523267296e+02,2.298141415897e+02,3.433077410831e+02,4.792757816185e+02,6.380872416827e+02,8.199630528414e+02,1.024243843851e+03
0.752,4.043368982130e+00,2.533405327661e+01,7.090380166254e+01,1.389507072961e+02,2.298108355291e+02,3.433129175397e+02,4.792851981630e+02,6.380741852962e+02,8.199419546231e+02,1.024270225833e+03
0.754,4.043370424392e+00,2.533417738759e+01,7.090425100082e+01,1.389491490102e+02,2.298073609490e+02,3.433176822575e+02,4.792952832579e+02,6.380625506415e+02,8.199189545733e+02,1.024292885258e+03
0.756,4.043371835670e+00,2.533430039011e+01,7.090471677969e+01,1.389476544943e+02,2.298037280185e+02,3.433220115608e+02,4.793059694857e+02,6.380524416737e+02,8.198943158524e+02,1.024311500194e+03
0.758,4.043373216347e+00,2.533442225634e+01,7.090519853758e+01,1.389462262476e+02,2.297999473884e+02,3.433258837952e+02,4.793171853613e+02,6.380439488023e+02,8.198683203168e+02,1.024325806288e+03
0.760,4.043374566810e+00,2.533454295922e+01,7.090569580027e+01,1.389448666422e+02,2.297960301577e+02,3.433292794293e+02,4.793288558047e+02,6.380371480602e+02,8.198412652896e+02,1.024335600724e+03
0.762,4.043375887441e+00,2.533466247245e+01,7.090620808145e+01,1.389435779188e+02,2.297919878383e+02,3.433321811457e+02,4.793409026373e+02,6.380321004427e+02,8.198134603652e+02,1.024340744947e+03
0.764,4.043377178625e+00,2.533478077048e+01,7.090673488329e+01,1.389423621824e+02,2.297878323180e+02,3.433345739230e+02,4.793532450993e+02,6.380288513727e+02,8.197852235370e+02,1.024341166724e+03
0.766,4.043378440743e+00,2.533489782853e+01,7.090727569702e+01,1.389412213991e+02,2.297835758235e+02,3.433364451047e+02,4.793658003818e+02,6.380274302443e+02,8.197568778661e+02,1.024336861046e+03
0.768,4.043379674179e+00,2.533501362259e+01,7.090783000349e+01,1.389401573925e+02,2.297792308808e+02,3.433377844591e+02,4.793784841766e+02,6.380278502270e+02,8.197287476454e+02,1.024327890288e+03
0.770,4.043380879313e+00,2.533512812946e+01,7.090839727380e+01,1.389391718408e+02,2.297748102761e+02,3.433385842256e+02,4.793912112308e+02,6.380301080548e+02,8.197011548388e+02,1.024314383098e+03
0.772,4.043382056526e+00,2.533524132672e+01,7.090897696991e+01,1.389382662738e+02,2.297703270151e+02,3.433388391508e+02,4.794038959137e+02,6.380341841459e+02,8.196744151229e+02,1.024296533345e+03
0.774,4.043383206198e+00,2.533535319277e+01,7.090956854523e+01,1.389374420706e+02,2.297657942821e+02,3.433385465120e+02,4.794164527782e+02,6.380400426925e+02,8.196488346849e+02,1.024274596661e+03
0.776,4.043384328709e+00,2.533546370680e+01,7.091017144525e+01,1.389367004571e+02,2.297612253983e+02,3.433377061286e+02,4.794287971294e+02,6.380476319826e+02,8.196247062086e+02,1.024248886258e+03
0.778,4.043385424436e+00,2.533557284884e+01,7.091078510822e+01,1.389360425049e+02,2.297566337797e+02,3.433363203619e+02,4.794408455817e+02,6.380568848982e+02,8.196023063194e+02,1.024219769511e+03
0.780,4.043386493758e+00,2.533568059974e+01,7.091140896572e+01,1.389354691289e+02,2.297520328949e+02,3.433343941021e+02,4.794525166093e+02,6.380677194693e+02,8.195818913668e+02,1.024187663240e+03
0.782,4.043387537050e+00,2.533578694116e+01,7.091204244337e+01,1.389349810864e+02,2.297474362233e+02,3.433319347443e+02,4.794637310857e+02,6.380800395684e+02,8.195636955509e+02,1.024153025880e+03
0.784,4.043388554689e+00,2.533589185563e+01,7.091268496147e+01,1.389345789766e+02,2.297428572119e+02,3.433289521518e+02,4.794744128050e+02,6.380937357929e+02,8.195479276066e+02,1.024116351822e+03
0.786,4.043389547048e+00,2.533599532651e+01,7.091333593562e+01,1.389342632392e+02,2.297383092341e+02,3.433254586080e+02,4.794844889835e+02,6.381086864182e+02,8.195347683340e+02,1.024078165509e+03
0.788,4.043390514502e+00,2.533609733800e+01,7.091399477744e+01,1.389340341550e+02,2.297338055474e+02,3.433214687571e+02,4.794938907411e+02,6.381247584605e+02,8.195243691735e+02,1.024039013141e+03
0.790,4.043391457423e+00,2.533619787516e+01,7.091466089522e+01,1.389338918452e+02,2.297293592520e+02,3.433169995332e+02,4.795025535530e+02,6.381418088327e+02,8.195168497118e+02,1.023999452873e+03
0.792,4.043392376183e+00,2.533629692390e+01,7.091533369457e+01,1.389338362726e+02,2.297249832504e+02,3.433120700791e+02,4.795104176758e+02,6.381596856426e+02,8.195122968234e+02,1.023960049546e+03
0.794,4.043393271151e+00,2.533639447100e+01,7.091601257913e+01,1.389338672414e+02,2.297206902072e+02,3.433067016541e+02,4.795174285395e+02,6.381782294761e+02,8.195107636455e+02,1.023921367540e+03
0.796,4.043394142697e+00,2.533649050410e+01,7.091669695121e+01,1.389339843991e+02,2.297164925098e+02,3.433009175327e+02,4.795235371058e+02,6.381972748576e+02,8.195122684580e+02,1.023883957755e+03
0.798,4.043394991189e+00,2.533658501171e+01,7.091738621251e+01,1.389341872371e+02,2.297124022302e+02,3.432947428929e+02,4.795287001887e+02,6.382166516595e+02,8.195167949180e+02,1.023848356503e+03
0.800,4.043395816993e+00,2.533667798319e+01,7.091807976475e+01,1.389344750930e+02,2.297084310880e+02,3.432882046961e+02,4.795328807384e+02,6.382361866285e+02,8.195242923063e+02,1.023815072725e+03
0.802,4.043396620475e+00,2.533676940878e+01,7.091877701037e+01,1.389348471524e+02,2.297045904144e+02,3.432813315589e+02,4.795360480821e+02,6.382557048894e+02,8.195346757827e+02,1.023784584168e+03
0.804,4.043397401999e+00,2.533685927961e+01,7.091947735322e+01,1.389353024507e+02,2.297008911177e+02,3.432741536167e+02,4.795381781228e+02,6.382750314858e+02,8.195478274520e+02,1.023757324540e+03
0.806,4.043398161927e+00,2.533694758767e+01,7.092018019920e+01,1.389358398765e+02,2.296973436499e+02,3.432667023806e+02,4.795392534959e+02,6.382939929362e+02,8.195635977766e+02,1.023733685765e+03
0.808,4.043398900620e+00,2.533703432581e+01,7.092088495696e+01,1.389364581740e+02,2.296939579757e+02,3.432590105876e+02,4.795392636791e+02,6.383124187571e+02,8.195818068994e+02,1.023714002767e+03
0.810,4.043399618439e+00,2.533711948777e+01,7.092159103855e+01,1.389371559463e+02,2.296907435420e+02,3.432511120459e+02,4.795382050583e+02,6.383301429290e+02,8.196022474717e+02,1.023698566188e+03
0.812,4.043400315741e+00,2.533720306815e+01,7.092229786009e+01,1.389379316589e+02,2.296877092501e+02,3.432430414745e+02,4.795360809472e+02,6.383470053911e+02,8.196246859230e+02,1.023687589004e+03
0.814,4.043400992883e+00,2.533728506244e+01,7.092300484240e+01,1.389387836434e+02,2.296848634292e+02,3.432348343394e+02,4.795329015607e+02,6.383628534329e+02,8.196488657771e+02,1.023681233219e+03
0.816,4.043401650220e+00,2.533736546700e+01,7.092371141169e+01,1.389397101017e+02,2.296822138123e+02,3.432265266858e+02,4.795286839432e+02,6.383775430467e+02,8.196745108128e+02,1.023679590223e+03
0.818,4.043402288107e+00,2.533744427903e+01,7.092441700021e+01,1.389407091101e+02,2.296797675138e+02,3.432181549688e+02,4.795234518520e+02,6.383909401523e+02,8.197013272206e+02,1.023682688374e+03
0.820,4.043402906893e+00,2.533752149663e+01,7.092512104684e+01,1.389417786240e+02,2.296775310089e+02,3.432097558819e+02,4.795172355949e+02,6.384029218184e+02,8.197290075175e+02,1.023690480107e+03
0.822,4.043403506931e+00,2.533759711874e+01,7.092582299773e+01,1.389429164826e+02,2.296755101158e+02,3.432013661842e+02,4.795100718246e+02,6.384133773129e+02,8.197572346176e+02,1.023702860333e+03
0.824,4.043404088567e+00,2.533767114519e+01,7.092652230697e+01,1.389441204139e+02,2.296737099801e+02,3.431930225287e+02,4.795020032963e+02,6.384222090784e+02,8.197856843284e+02,1.023719653522e+03
0.826,4.043404652149e+00,2.533774357663e+01,7.092721843714e+01,1.389453880401e+02,2.296721350604e+02,3.431847612908e+02,4.794930785751e+02,6.384293335643e+02,8.198140293816e+02,1.023740612836e+03
0.828,4.043405198021e+00,2.533781441459e+01,7.092791085994e+01,1.389467168833e+02,2.296707891178e+02,3.431766183985e+02,4.794833517152e+02,6.384346819911e+02,8.198419434002e+02,1.023765454199e+03
0.830,4.043405726527e+00,2.533788366143e+01,7.092859905677e+01,1.389481043704e+02,2.296696752065e+02,3.431686291655e+02,4.794728819002e+02,6.384382009132e+02,8.198691042381e+02,1.023793812202e+03
0.832,4.043406238006e+00,2.533795132038e+01,7.092928251932e+01,1.389495478399e+02,2.296687956672e+02,3.431608281270e+02,4.794617330452e+02,6.384398526871e+02,8.198951981464e+02,1.023825289003e+03
0.834,4.043406732799e+00,2.533801739547e+01,7.092996075009e+01,1.389510445473e+02,2.296681521232e+02,3.431532488807e+02,4.794499733716e+02,6.384396157985e+02,8.199199225690e+02,1.023859429718e+03
0.836,4.043407211242e+00,2.533808189159e+01,7.093063326302e+01,1.389525916716e+02,2.296677454784e+02,3.431459239314e+02,4.794376749585e+02,6.384374850362e+02,8.199429901521e+02,1.023895753888e+03
0.838,4.043407673669e+00,2.533814481443e+01,7.093129958393e+01,1.389541863218e+02,2.296675759181e+02,3.431388845423e+02,4.794249132622e+02,6.384334715269e+02,8.199641316686e+02,1.023933739826e+03
0.840,4.043408120415e+00,2.533820617052e+01,7.093195925113e+01,1.389558255429e+02,2.296676429121e+02,3.431321605924e+02,4.794117666156e+02,6.384276026243e+02,8.199830990761e+02,1.023972838711e+03
0.842,4.043408551809e+00,2.533826596719e+01,7.093261181587e+01,1.389575063234e+02,2.296679452197e+02,3.431257804404e+02,4.793983157123e+02,6.384199216608e+02,8.199996686491e+02,1.024012492862e+03
0.844,4.043408968180e+00,2.533832421255e+01,7.093325684284e+01,1.389592256011e+02,2.296684808985e+02,3.431197707977e+02,4.793846430746e+02,6.384104875459e+02,8.200136428728e+02,1.024052136542e+03
0.846,4.043409369854e+00,2.533838091554e+01,7.093389391067e+01,1.389609802707e+02,2.296692473136e+02,3.431141566083e+02,4.793708325101e+02,6.383993742404e+02,8.200248534253e+02,1.024091192055e+03
0.848,4.043409757155e+00,2.533843608585e+01,7.093452261235e+01,1.389627671904e+02,2.296702411510e+02,3.431089609382e+02,4.793569685584e+02,6.383866701083e+02,8.200331620469e+02,1.024129109732e+03
0.850,4.043410130406e+00,2.533848973396e+01,7.093514255569e+01,1.389645831889e+02,2.296714584319e+02,3.431042048754e+02,4.793431359403e+02,6.383724770725e+02,8.200384633885e+02,1.024165330518e+03
0.852,4.043410489925e+00,2.533854187111e+01,7.093575336374e+01,1.389664250727e+02,2.296728945301e+02,3.430999074374e+02,4.793294190026e+02,6.383569098117e+02,8.200406849096e+02,1.024199333224e+03
0.854,4.043410836029e+00,2.533859250927e+01,7.093635467516e+01,1.389682896329e+02,2.296745441909e+02,3.430960854921e+02,4.793159011661e+02,6.383400946219e+02,8.200397884624e+02,1.024230626658e+03
0.856,4.043411169033e+00,2.533864166119e+01,7.093694614465e+01,1.389701736527e+02,2.296764015530e+02,3.430927536871e+02,4.793026643852e+02,6.383221683978e+02,8.200357703875e+02,1.024258753235e+03
0.858,4.043411489249e+00,2.533868934031e+01,7.093752744327e+01,1.389720739143e+02,2.296784601715e+02,3.430899243916e+02,4.792897886144e+02,6.383032773744e+02,8.200286616231e+02,1.024283296899e+03
0.860,4.043411796986e+00,2.533873556080e+01,7.093809825877e+01,1.389739872058e+02,2.296807130435e+02,3.430876076490e+02,4.792773512879e+02,6.382835758195e+02,8.200185273045e+02,1.024303894299e+03
0.862,4.043412092552e+00,2.533878033754e+01,7.093865829597e+01,1.389759103291e+02,2.296831526352e+02,3.430858111418e+02,4.792654268401e+02,6.382632246964e+02,8.200054661513e+02,1.024320239318e+03
0.864,4.043412376250e+00,2.533882368609e+01,7.093920727696e+01,1.389778401060e+02,2.296857709111e+02,3.430845401677e+02,4.792540862005e+02,6.382423903140e+02,8.199896089547e+02,1.024332081082e+03
0.866,4.043412648383e+00,2.533886562269e+01,7.093974494144e+01,1.389797733859e+02,2.296885593646e+02,3.430837976287e+02,4.792433963684e+02,6.382212426453e+02,8.199711172066e+02,1.024339230428e+03
0.868,4.043412909248e+00,2.533890616423e+01,7.094027104696e+01,1.389817070527e+02,2.296915090505e+02,3.430835840307e+02,4.792334199697e+02,6.381999542062e+02,8.199501814569e+02,1.024341565919e+03
0.870,4.043413159142e+00,2.533894532826e+01,7.094078536911e+01,1.389836380313e+02,2.296946106188e+02,3.430838974964e+02,4.792242148840e+02,6.381786982460e+02,8.199270194788e+02,1.024339032335e+03
0.872,4.043413398359e+00,2.533898313294e+01,7.094128770174e+01,1.389855632947e+02,2.296978543494e+02,3.430847337906e+02,4.792158338685e+02,6.381576472153e+02,8.199018727852e+02,1.024331636958e+03
0.874,4.043413627189e+00,2.533901959707e+01,7.094177785715e+01,1.389874798705e+02,2.297012301894e+02,3.430860863550e+02,4.792083242538e+02,6.381369715996e+02,8.198750025615e+02,1.024319466098e+03
0.876,4.043413845919e+00,2.533905474003e+01,7.094225566621e+01,1.389893848476e+02,2.297047277896e+02,3.430879463569e+02,4.792017276391e+02,6.381168381040e+02,8.198466935840e+02,1.024302657323e+03
0.878,4.043414054834e+00,2.533908858178e+01,7.094272097850e+01,1.389912753821e+02,2.297083365437e+02,3.430903027496e+02,4.791960796637e+02,6.380974082715e+02,8.198172413366e+02,1.024281420246e+03
0.880,4.043414254216e+00,2.533912114284e+01,7.094317366239e+01,1.389931487042e+02,2.297120456274e+02,3.430931423412e+02,4.791914098078e+02,6.380788373233e+02,8.197869548951e+02,1.024256025151e+03
0.882,4.043414444343e+00,2.533915244429e+01,7.094361360514e+01,1.389950021238e+02,2.297158440382e+02,3.430964498774e+02,4.791877412159e+02,6.380612726251e+02,8.197561517721e+02,1.024226796494e+03
0.884,4.043414625491e+00,2.533918250771e+01,7.094404071292e+01,1.389968330363e+02,2.297197206367e+02,3.431002081325e+02,4.791850906058e+02,6.380448523895e+02,8.197251546006e+02,1.024194112843e+03
0.886,4.043414797931e+00,2.533921135521e+01,7.094445491083e+01,1.389986389285e+02,2.297236641869e+02,3.431043980112e+02,4.791834681739e+02,6.380297046634e+02,8.196942866846e+02,1.024158426307e+03
0.888,4.043414961934e+00,2.533923900937e+01,7.094485614287e+01,1.390004173836e+02,2.297276633979e+02,3.431089986595e+02,4.791828776105e+02,6.380159462813e+02,8.196638709262e+02,1.024120154093e+03
0.890,4.043415117765e+00,2.533926549325e+01,7.094524437196e+01,1.390021660869e+02,2.297317069654e+02,3.431139875856e+02,4.791833160680e+02,6.380036817015e+02,8.196342200114e+02,1.024079840960e+03
0.892,4.043415265686e+00,2.533929083033e+01,7.094561957978e+01,1.390038828304e+02,2.297357836131e+02,3.431193407863e+02,4.791847742934e+02,6.379930023665e+02,8.196056420929e+02,1.024037984974e+03
0.894,4.043415405957e+00,2.533931504454e+01,7.094598176676e+01,1.390055655174e+02,2.297398821338e+02,3.431250328841e+02,4.791872366813e+02,6.379839861216e+02,8.195784332092e+02,1.023995163919e+03
0.896,4.043415538834e+00,2.533933816019e+01,7.094633095190e+01,1.390072121671e+02,2.297439914307e+02,3.431310372691e+02,4.791906814664e+02,6.379766957969e+02,8.195528674268e+02,1.023951896654e+03
0.898,4.043415664569e+00,2.533936020199e+01,7.094666717262e+01,1.390088209185e+02,2.297481005576e+02,3.431373262479e+02,4.791950809281e+02,6.379711800355e+02,8.195292016844e+02,1.023908775626e+03
0.900,4.043415783411e+00,2.533938119500e+01,7.094699048460e+01,1.390103900343e+02,2.297521987589e+02,3.431438711980e+02,4.792004016134e+02,6.379674719118e+02,8.195076764279e+02,1.023866358713e+03
0.902,4.043415895606e+00,2.533940116459e+01,7.094730096154e+01,1.390119179044e+02,2.297562755090e+02,3.431506427270e+02,4.792066046259e+02,6.379655889959e+02,8.194885035609e+02,1.023825203595e+03
0.904,4.043416001395e+00,2.533942013647e+01,7.094759869491e+01,1.390134030491e+02,2.297603205498e+02,3.431576108333e+02,4.792136459558e+02,6.379655340125e+02,8.194718654394e+02,1.023785836857e+03
0.906,4.043416101017e+00,2.533943813661e+01,7.094788379369e+01,1.390148441215e+02,2.297643239284e+02,3.431647450736e+02,4.792214768279e+02,6.379672939140e+02,8.194579234791e+02,1.023748771923e+03
0.908,4.043416194707e+00,2.533945519126e+01,7.094815638407e+01,1.390162399106e+02,2.297682760330e+02,3.431720147293e+02,4.792300441154e+02,6.379708405816e+02,8.194468020020e+02,1.023714449074e+03
0.910,4.043416282695e+00,2.533947132688e+01,7.094841660908e+01,1.390175893429e+02,2.297721676270e+02,3.431793889752e+02,4.792392907203e+02,6.379761319536e+02,8.194386051245e+02,1.023683281415e+03
0.912,4.043416365208e+00,2.533948657015e+01,7.094866462826e+01,1.390188914845e+02,2.297759898826e+02,3.431868370496e+02,4.792491560423e+02,6.379831109731e+02,8.194333794961e+02,1.023655739715e+03
0.914,4.043416442470e+00,2.533950094794e+01,7.094890061723e+01,1.390201455421e+02,2.297797344117e+02,3.431943284203e+02,4.792595764843e+02,6.379917073467e+02,8.194311703730e+02,1.023632090204e+03
0.916,4.043416514700e+00,2.533951448725e+01,7.094912476728e+01,1.390213508642e+02,2.297833932958e+02,3.432018329531e+02,4.792704858907e+02,6.380018385084e+02,8.194319758308e+02,1.023612677523e+03
0.918,4.043416582113e+00,2.533952721523e+01,7.094933728489e+01,1.390225069416e+02,2.297869591139e+02,3.432093210758e+02,4.792818160974e+02,6.380134100363e+02,8.194357561879e+02,1.023597566399e+03
0.920,4.043416644922e+00,2.533953915910e+01,7.094953839126e+01,1.390236134078e+02,2.297904249675e+02,3.432167639379e+02,4.792934974543e+02,6.380263160627e+02,8.194424501207e+02,1.023587079921e+03
0.922,4.043416703332e+00,2.533955034618e+01,7.094972832176e+01,1.390246700384e+02,2.297937845049e+02,3.432241335682e+02,4.793054593390e+02,6.380404423154e+02,8.194519633967e+02,1.023581317926e+03
0.924,4.043416757549e+00,2.533956080380e+01,7.094990732539e+01,1.390256767504e+02,2.297970319420e+02,3.432314030251e+02,4.793176307089e+02,6.380556651374e+02,8.194641703196e+02,1.023580150604e+03
0.926,4.043416807771e+00,2.533957055932e+01,7.095007566420e+01,1.390266336017e+02,2.298001620812e+02,3.432385465429e+02,4.793299406981e+02,6.380718539783e+02,8.194789126374e+02,1.023583711201e+03
0.928,4.043416854192e+00,2.533957964007e+01,7.095023361265e+01,1.390275407890e+02,2.298031703276e+02,3.432455396674e+02,4.793423190368e+02,6.380888723942e+02,8.194960281891e+02,1.023591905497e+03
0.930,4.043416897005e+00,2.533958807334e+01,7.095038145696e+01,1.390283986460e+02,2.298060527031e+02,3.432523593890e+02,4.793546967176e+02,6.381065801437e+02,8.195153029833e+02,1.023604597240e+03
0.932,4.043416936396e+00,2.533959588631e+01,7.095051949446e+01,1.390292076411e+02,2.298088058570e+02,3.432589842628e+02,4.793670064553e+02,6.381248333788e+02,8.195365238894e+02,1.023621550250e+03
0.934,4.043416972546e+00,2.533960310607e+01,7.095064803285e+01,1.390299683746e+02,2.298114270743e+02,3.432653945197e+02,4.793791831666e+02,6.381434868281e+02,8.195594548860e+02,1.023642081250e+03
0.936,4.043417005634e+00,2.533960975957e+01,7.095076738944e+01,1.390306815751e+02,2.298139142811e+02,3.432715721694e+02,4.793911645364e+02,6.381623957650e+02,8.195838459508e+02,1.023666719976e+03
0.938,4.043417035833e+00,2.533961587356e+01,7.095087789040e+01,1.390313480962e+02,2.298162660470e+02,3.432775010909e+02,4.794028914455e+02,6.381814164279e+02,8.196094362212e+02,1.023694208069e+03
0.940,4.043417063312e+00,2.533962147458e+01,7.095097986997e+01,1.390319689120e+02,2.298184815841e+02,3.432831671105e+02,4.794143084165e+02,6.382004081132e+02,8.196359598070e+02,1.023724891597e+03
0.942,4.043417088236e+00,2.533962658893e+01,7.095107366955e+01,1.390325451123e+02,2.298205607434e+02,3.432885580694e+02,4.794253640156e+02,6.382192348020e+02,8.196631439405e+02,1.023758062897e+03
0.944,4.043417110764e+00,2.533963124263e+01,7.095115963692e+01,1.390330778979e+02,2.298225040076e+02,3.432936638764e+02,4.794360112420e+02,6.382377655031e+02,8.196907128801e+02,1.023793241885e+03
0.946,4.043417131051e+00,2.533963546138e+01,7.095123812525e+01,1.390335685748e+02,2.298243124811e+02,3.432984765473e+02,4.794462078652e+02,6.382558771211e+02,8.197184098130e+02,1.023830051101e+03
0.948,4.043417149248e+00,2.533963927054e+01,7.095130949225e+01,1.390340185480e+02,2.298259878763e+02,3.433029902319e+02,4.794559167350e+02,6.382734538250e+02,8.197459670743e+02,1.023867814248e+03
0.950,4.043417165501e+00,2.533964269506e+01,7.095137409913e+01,1.390344293151e+02,2.298275324966e+02,3.433072012232e+02,4.794651060203e+02,6.382903907887e+02,8.197731333615e+02,1.023906362728e+03
0.952,4.043417179950e+00,2.533964575950e+01,7.095143230967e+01,1.390348024596e+02,2.298289492162e+02,3.433111079536e+02,4.794737494055e+02,6.383065917291e+02,8.197996717782e+02,1.023945051749e+03
0.954,4.043417192732e+00,2.533964848792e+01,7.095148448914e+01,1.390351396427e+02,2.298302414568e+02,3.433147109757e+02,4.794818262705e+02,6.383219729373e+02,8.198253735298e+02,1.023983290494e+03
0.956,4.043417203977e+00,2.533965090391e+01,7.095153100329e+01,1.390354425964e+02,2.298314131599e+02,3.433180129253e+02,4.794893218028e+02,6.383364628389e+02,8.198500262661e+02,1.024021027981e+03
0.958,4.043417213813e+00,2.533965303053e+01,7.095157221723e+01,1.390357131142e+02,2.298324687568e+02,3.433210184696e+02,4.794962269804e+02,6.383500020351e+02,8.198734615347e+02,1.024057717608e+03
0.960,4.043417222359e+00,2.533965489025e+01,7.095160849432e+01,1.390359530427e+02,2.298334131343e+02,3.433237342384e+02,4.795025386463e+02,6.383625447769e+02,8.198955082980e+02,1.024092740399e+03
0.962,4.043417229732e+00,2.533965650494e+01,7.095164019503e+01,1.390361642725e+02,2.298342515972e+02,3.433261687390e+02,4.795082593985e+02,6.383740591264e+02,8.199160591470e+02,1.024125719860e+03
0.964,4.043417236044e+00,2.533965789580e+01,7.095166767578e+01,1.390363487278e+02,2.298349898277e+02,3.433283322527e+02,4.795133974342e+02,6.383845265663e+02,8.199350022031e+02,1.024156840388e+03
0.966,4.043417241399e+00,2.533965908337e+01,7.095169128768e+01,1.390365083568e+02,2.298356338404e+02,3.433302367155e+02,4.795179664188e+02,6.383939425183e+02,8.199522636832e+02,1.024185762003e+03
0.968,4.043417245899e+00,2.533966008742e+01,7.095171137534e+01,1.390366451206e+02,2.298361899350e+02,3.433318955808e+02,4.795219851802e+02,6.384023155846e+02,8.199678053304e+02,1.024212121488e+03
0.970,4.043417249638e+00,2.533966092700e+01,7.095172827560e+01,1.390367609824e+02,2.298366646445e+02,3.433333236665e+02,4.795254774019e+02,6.384096679469e+02,8.199816138506e+02,1.024235765166e+03
0.972,4.043417252707e+00,2.533966162029e+01,7.095174231620e+01,1.390368578957e+02,2.298370646807e+02,3.433345369815e+02,4.795284712511e+02,6.384160341842e+02,8.199937087312e+02,1.024256780551e+03
0.974,4.043417255190e+00,2.533966218466e+01,7.095175381448e+01,1.390369377923e+02,2.298373968757e+02,3.433355525377e+02,4.795309989109e+02,6.384214602341e+02,8.200041145433e+02,1.024275036252e+03
0.976,4.043417257166e+00,2.533966263656e+01,7.095176307605e+01,1.390370025698e+02,2.298376681203e+02,3.433363881445e+02,4.795330960755e+02,6.384260031277e+02,8.200129199881e+02,1.024290637306e+03
0.978,4.043417258709e+00,2.533966299151e+01,7.095177039332e+01,1.390370540789e+02,2.298378852993e+02,3.433370621844e+02,4.795348013507e+02,6.384297291441e+02,8.200202090086e+02,1.024303774581e+03
0.980,4.043417259886e+00,2.533966326405e+01,7.095177604421e+01,1.390370941098e+02,2.298380552228e+02,3.433375933734e+02,4.795361556285e+02,6.384327129254e+02,8.200260975510e+02,1.024314494215e+03
0.982,4.043417260761e+00,2.533966346768e+01,7.095178029059e+01,1.390371243784e+02,2.298381845544e+02,3.433380005034e+02,4.795372013495e+02,6.384350350605e+02,8.200307182793e+02,1.024322894956e+03
0.984,4.043417261389e+00,2.533966361485e+01,7.095178337689e+01,1.390371465123e+02,2.298382797366e+02,3.433383021683e+02,4.795379817436e+02,6.384367812055e+02,8.200342220174e+02,1.024329431326e+03
0.986,4.043417261822e+00,2.533966371688e+01,7.095178552857e+01,1.390371620360e+02,2.298383469124e+02,3.433385164734e+02,4.795385399751e+02,6.384380393324e+02,8.200367653733e+02,1.024334085465e+03
0.988,4.043417262105e+00,2.533966378394e+01,7.095178695059e+01,1.390371723560e+02,2.298383918433e+02,3.433386607283e+02,4.795389182390e+02,6.384388977803e+02,8.200385144224e+02,1.024337331106e+03
0.990,4.043417262277e+00,2.533966382500e+01,7.095178782588e+01,1.390371787449e+02,2.298384198254e+02,3.433387511236e+02,4.795391567942e+02,6.384394427756e+02,8.200396308108e+02,1.024339431867e+03
0.992,4.043417262372e+00,2.533966384776e+01,7.095178831373e+01,1.390371823259e+02,2.298384356010e+02,3.433388023916e+02,4.795392929255e+02,6.384397557590e+02,8.200402770345e+02,1.024340658031e+03
0.994,4.043417262417e+00,2.533966385864e+01,7.095178854818e+01,1.390371840564e+02,2.298384432676e+02,3.433388274511e+02,4.795393598611e+02,6.384399105600e+02,8.200405982728e+02,1.024341261707e+03
0.996,4.043417262434e+00,2.533966386271e+01,7.095178863640e+01,1.390371847111e+02,2.298384461839e+02,3.433388370366e+02,4.795393856092e+02,6.384399704561e+02,8.200407239589e+02,1.024341504607e+03
0.998,4.043417262438e+00,2.533966386366e+01,7.095178865702e+01,1.390371848649e+02,2.298384468724e+02,3.433388393116e+02,4.795393917526e+02,6.384399848266e+02,8.200407538501e+02,1.024341562950e+03
1.000,4.043417262438e+00,2.533966386372e+01,7.095178865841e+01,1.390371848753e+02,2.298384469193e+02,3.433388394671e+02,4.795393921745e+02,6.384399858180e+02,8.200407559511e+02,1.024341566840e+03
