x,deltaf_mode1,deltaf_mode2,deltaf_mode3,deltaf_mode4,deltaf_mode5,deltaf_mode6,deltaf_mode7,deltaf_mode8,deltaf_mode9,deltaf_mode10
0.000,5.991082836748e-04,3.754547587091e-03,1.051284138337e-02,2.060097283836e-02,3.405488687389e-02,5.087210383723e-02,7.105277629122e-02,9.459688657067e-02,1.215044547604e-01,1.517754607487e-01
0.002,5.958141211349e-04,3.683092204719e-03,1.018538475864e-02,1.970483099960e-02,3.215635748497e-02,4.741683472132e-02,6.536761457693e-02,8.589144468666e-02,1.088727058801e-01,1.341973412823e-01
0.004,5.925290400981e-04,3.612323362280e-03,9.863109709665e-03,1.882862137768e-02,3.031230104845e-02,4.408314800894e-02,5.991968642308e-02,7.760661736236e-02,9.693509293395e-02,1.177026615583e-01
0.006,5.892530409150e-04,3.542241143113e-03,9.546018007949e-03,1.797235685844e-02,2.852277378398e-02,4.087122452884e-02,5.470946673209e-02,6.974348366848e-02,8.569381503590e-02,1.022955386271e-01
0.008,5.859861241656e-04,3.472845682268e-03,9.234112468446e-03,1.713605748154e-02,2.678786112455e-02,3.778133230045e-02,4.973764061056e-02,6.230355515360e-02,7.515185512470e-02,8.798136288408e-02
0.010,5.827282906548e-04,3.404137163238e-03,8.927396833697e-03,1.631974923913e-02,2.510767085686e-02,3.481379906758e-02,4.500501649208e-02,5.528854358018e-02,6.531243257098e-02,7.476562856742e-02
0.012,5.794795414093e-04,3.336115814722e-03,8.625875659865e-03,1.552346290277e-02,2.348232647466e-02,3.196898590237e-02,4.051244337378e-02,4.870014172967e-02,5.617849178461e-02,6.265285302122e-02
0.014,5.762398776731e-04,3.268781907428e-03,8.329554204688e-03,1.474723287897e-02,2.191196074792e-02,2.924726189944e-02,3.626073226807e-02,4.253981767882e-02,4.775222815105e-02,5.164558853310e-02
0.016,5.730093009042e-04,3.202135750897e-03,8.038438317358e-03,1.399109609353e-02,2.039670951137e-02,2.664897998428e-02,3.225058198822e-02,3.680862300837e-02,4.003465278924e-02,4.174353093145e-02
0.018,5.697878127703e-04,3.136177690370e-03,7.752534330338e-03,1.325509090514e-02,1.893670567619e-02,2.417445386280e-02,2.848250939880e-02,3.150701544187e-02,3.302519770039e-02,3.294272921272e-02
0.020,5.665754151450e-04,3.070908103682e-03,7.471848953134e-03,1.253925604851e-02,1.753207346930e-02,2.182393614131e-02,2.495678426953e-02,2.663469642675e-02,2.672136287229e-02,2.523490029567e-02
0.022,5.633721101044e-04,3.006327398184e-03,7.196389168030e-03,1.184362960753e-02,1.618292290504e-02,1.959759764759e-02,2.167336887424e-02,2.219046416477e-02,2.111840682480e-02,1.860685259169e-02
0.024,5.601778999227e-04,2.942436007710e-03,6.926162127823e-03,1.116824801894e-02,1.488934449394e-02,1.749550798449e-02,1.863186247570e-02,1.817208257475e-02,1.620908193636e-02,1.304002146608e-02
0.026,5.569927870689e-04,2.879234389564e-03,6.661175055548e-03,1.051314510696e-02,1.365140419392e-02,1.551761734775e-02,1.583145083217e-02,1.457616662994e-02,1.198341568522e-02,8.510118872536e-03
0.028,5.538167742029e-04,2.816723021546e-03,6.401435146252e-03,9.878351149305e-03,1.246913860898e-02,1.366373963891e-02,1.327086085288e-02,1.139808445584e-02,8.428538681065e-03,4.986898500028e-03
0.030,5.506498641712e-04,2.754902399013e-03,6.146949470797e-03,9.263891975341e-03,1.134255044062e-02,1.193353690346e-02,1.094832051814e-02,8.631876504888e-03,5.528560058627e-03,2.434036706671e-03
0.032,5.474920600041e-04,2.693773031968e-03,5.897724881753e-03,8.669788096634e-03,1.027160419706e-02,1.032650512211e-02,8.861524164662e-03,6.270192041984e-03,3.264490464469e-03,8.091283570427e-04
0.034,5.443433649109e-04,2.633335442184e-03,5.653767921375e-03,8.096053870653e-03,9.256222165459e-03,8.841961381434e-03,7.007603219458e-03,4.304243083012e-03,1.614212496353e-03,6.379545657658e-05
0.036,5.412037822771e-04,2.573590160366e-03,5.415084731712e-03,7.542696698055e-03,8.296280651728e-03,7.479032446976e-03,5.383102445251e-03,2.723775827145e-03,5.524980611888e-04,1.439052164562e-04
0.038,5.380733156598e-04,2.514537723338e-03,5.181680966850e-03,7.009716254128e-03,7.391606492724e-03,6.236644759039e-03,3.983961738758e-03,1.517059515872e-03,5.107170843880e-05,9.898929123313e-04
0.040,5.349519687848e-04,2.456178671272e-03,4.953561707340e-03,6.497103754927e-03,6.541973844958e-03,5.113515867623e-03,2.805503498876e-03,6.708925382202e-04,7.871857895029e-05,2.537183646220e-03
0.042,5.318397455421e-04,2.398513544947e-03,4.730731376815e-03,6.004841258610e-03,5.747101253819e-03,4.108147319179e-03,1.842425556557e-03,1.706254845102e-04,6.014351914023e-04,4.716705908169e-03
0.044,5.287366499828e-04,2.341542883044e-03,4.513193660832e-03,5.532901002496e-03,5.006649006772e-03,3.218819003561e-03,1.088799631399e-03,2.007317235586e-07,1.582620876730e-03,7.455488686122e-03
0.046,5.256426863151e-04,2.285267219473e-03,4.300951427968e-03,5.081244776319e-03,4.320216773613e-03,2.443584965014e-03,5.380752523996e-04,1.422080238194e-04,2.983307271586e-03,1.067733281090e-02
0.048,5.225578589009e-04,2.229687080740e-03,4.094006653189e-03,4.649823332152e-03,3.687341536310e-03,1.780270676269e-03,1.830890520592e-04,5.779553915553e-04,4.762422901324e-03,1.430354626804e-02
0.050,5.194821722515e-04,2.174802983339e-03,3.892360343526e-03,4.238575831435e-03,3.107495810477e-03,1.226471769847e-03,1.607931443158e-05,1.287554640116e-03,6.877089526902e-03,1.825373237728e-02
0.052,5.164156310249e-04,2.120615431194e-03,3.696012466074e-03,3.847429329513e-03,2.580086159895e-03,7.795542155397e-04,2.870562906150e-05,2.250020520506e-03,9.282946603942e-03,2.244661904947e-02
0.054,5.133582400212e-04,2.067124913122e-03,3.504961878355e-03,3.476298298067e-03,2.104452004958e-03,4.366559277434e-04,2.120734742973e-04,3.443382593568e-03,1.193449991072e-02,2.680091679204e-02
0.056,5.103100041796e-04,2.014331900337e-03,3.319206261047e-03,3.125084185766e-03,1.679864725222e-03,1.946897810115e-04,5.567635255005e-04,4.844808694950e-03,1.478549014953e-02,3.123619275885e-02
0.058,5.072709285747e-04,1.962236843996e-03,3.138742053135e-03,2.793675017459e-03,1.305527055648e-03,5.034800678299e-05,1.052865456437e-03,6.430738816456e-03,1.778927711633e-02,3.567374793599e-02
0.060,5.042410184123e-04,1.910840172772e-03,2.963564389478e-03,2.481945032150e-03,9.805727753896e-04,1.079388483191e-07,1.690015975883e-03,8.177028135173e-03,2.089923487025e-02,4.003748452597e-02
0.062,5.012202790268e-04,1.860142290467e-03,2.793667040834e-03,2.189754359981e-03,7.040666873321e-04,4.023906975158e-05,2.457440816446e-03,1.005909784742e-02,2.406915321949e-02,4.425475074255e-02
0.064,4.982087158767e-04,1.810143573664e-03,2.629042356358e-03,1.916948738397e-03,4.750048858615e-04,1.668113750259e-04,3.344000368992e-03,1.205209240088e-02,2.725364077604e-02,4.825715055428e-02
0.066,4.952063345415e-04,1.760844369409e-03,2.469681208601e-03,1.663359267612e-03,2.923153096194e-04,3.757048569609e-04,4.338238634127e-03,1.413104166594e-02,3.040852481890e-02,5.198130641582e-02
0.068,4.922131407181e-04,1.712244992941e-03,2.315572941025e-03,1.428802205451e-03,1.548585752939e-04,6.626202545378e-04,5.428435142063e-03,1.627102654691e-02,3.349124324546e-02,5.536956369401e-02
0.070,4.892291402169e-04,1.664345725450e-03,2.166705318051e-03,1.213078801588e-03,6.142908775798e-05,1.023090861275e-03,6.602659474072e-03,1.844734650601e-02,3.646122398268e-02,5.837062632291e-02
0.072,4.862543389589e-04,1.617146811872e-03,2.023064477677e-03,1.015975171153e-03,1.075642114542e-05,1.452495388032e-03,7.848828002808e-03,2.063568745790e-02,3.928024737369e-02,6.094011419774e-02
0.074,4.832887429714e-04,1.570648458734e-03,1.884634886651e-03,8.372622076288e-04,1.506964732589e-06,1.946071803346e-03,9.154762455153e-03,2.281228849096e-02,4.191278724928e-02,6.304103392785e-02
0.076,4.803323583852e-04,1.524850832022e-03,1.751399298253e-03,6.766955348756e-04,3.228582677791e-05,2.498932079685e-03,1.050824989001e-02,2.495410588255e-02,4.432632663623e-02,6.464415579834e-02
0.078,4.773851914305e-04,1.479754055095e-03,1.623338712673e-03,5.340154981162e-04,1.016389887674e-04,3.106077770050e-03,1.189710367485e-02,2.703897290044e-02,4.649164434241e-02,6.572829112226e-02
0.080,4.744472484338e-04,1.435358206641e-03,1.500432340006e-03,4.089471936046e-04,2.080557018226e-04,3.762416335768e-03,1.330922503866e-02,2.904575392011e-02,4.838306898957e-02,6.628046558106e-02
0.082,4.715185358142e-04,1.391663318661e-03,1.382657565885e-03,3.012005366764e-04,3.499711163510e-04,4.462778143013e-03,1.473266477580e-02,3.095449143817e-02,4.997869743432e-02,6.629598563002e-02
0.084,4.685990600801e-04,1.348669374507e-03,1.269989919751e-03,2.104703678091e-04,5.257691353654e-04,5.201934042649e-03,1.615568467421e-02,3.274654462514e-02,5.126057492250e-02,6.577839656800e-02
0.086,4.656888278256e-04,1.306376306944e-03,1.162403045777e-03,1.364365962617e-04,7.337854812610e-04,5.974613445456e-03,1.756681824404e-02,3.440471813569e-02,5.221483475764e-02,6.473933241395e-02
0.088,4.627878457269e-04,1.264783996261e-03,1.059868676443e-03,7.876438080693e-05,9.723109652325e-04,6.775522802579e-03,1.895493032706e-02,3.591337998050e-02,5.283179572438e-02,6.319825927560e-02
0.090,4.598961205393e-04,1.223892268421e-03,9.623566087847e-04,3.710434700854e-05,1.239594947929e-03,7.599364399285e-03,2.030927517522e-02,3.725856736090e-02,5.310601598914e-02,6.118211541556e-02
0.092,4.570136590935e-04,1.183700893250e-03,8.698346833044e-04,1.109284043838e-05,1.533848979394e-03,8.440855368726e-03,2.161955259669e-02,3.842807947361e-02,5.303630269612e-02,5.872485269595e-02
0.094,4.541404682920e-04,1.144209582664e-03,7.822687655503e-04,3.522151694482e-07,1.853250605813e-03,9.294746831486e-03,2.287596178078e-02,3.941155640839e-02,5.262567698178e-02,5.586688549306e-02
0.096,4.512765551062e-04,1.105417988938e-03,6.996227303703e-04,4.491156823114e-06,2.195947330112e-03,1.015584306614e-02,2.406925242841e-02,4.020054338465e-02,5.188129463994e-02,5.265445449840e-02
0.098,4.484219265726e-04,1.067325703020e-03,6.218584488328e-04,2.310503939205e-05,2.560060712989e-03,1.101902061597e-02,2.519077283294e-02,4.078853970260e-02,5.081432317593e-02,4.913891404293e-02
0.100,4.455765897894e-04,1.029932252880e-03,5.489357778136e-04,5.577631500355e-05,2.943690600559e-03,1.187924723741e-02,2.623251457624e-02,4.117103192045e-02,4.943977648675e-02,4.537595267984e-02
0.102,4.427405519135e-04,9.932371019007e-04,4.808125522431e-04,1.020749357330e-04,3.344919464412e-03,1.273160059644e-02,2.718715352736e-02,4.134551090867e-02,4.777630888887e-02,4.142475772216e-02
0.104,4.399138201568e-04,9.572396473152e-04,4.174445800077e-04,1.615588065226e-04,3.761816839558e-03,1.357128662050e-02,2.804808685600e-02,4.131147257581e-02,4.584597068108e-02,3.734713524098e-02
0.106,4.370964017831e-04,9.219392186802e-04,3.587856394949e-04,2.337742682080e-04,4.192443845438e-03,1.439365741514e-02,2.880946579909e-02,4.107040220498e-02,4.367392787024e-02,3.320659767658e-02
0.108,4.342883041045e-04,8.873350763938e-04,3.047874797719e-04,3.182566096035e-04,4.634857774950e-03,1.519422865663e-02,2.946622394726e-02,4.062574248608e-02,4.128814909962e-02,2.906743168864e-02
0.110,4.314895344785e-04,8.534264102551e-04,2.553998233852e-04,4.145306075456e-04,5.087116736209e-03,1.596869637433e-02,3.001410084775e-02,3.998284547375e-02,3.871906319607e-02,2.499375916698e-02
0.112,4.287001003041e-04,8.202123380653e-04,2.105703717643e-04,5.221110937489e-04,5.547284331650e-03,1.671295303948e-02,3.044966075152e-02,3.914890884398e-02,3.599919109091e-02,2.104860443537e-02
0.114,4.259200090192e-04,7.876919042719e-04,1.702448132151e-04,6.405035472777e-04,6.013434358933e-03,1.742310288044e-02,3.077030636446e-02,3.813289696224e-02,3.316275616494e-02,1.729298060720e-02
0.116,4.231492680969e-04,7.558640786550e-04,1.343668334814e-04,7.692047113958e-04,6.483655518086e-03,1.809547634801e-02,3.097428749615e-02,3.694544741142e-02,3.024527731818e-02,1.378500779398e-02
0.118,4.203878850421e-04,7.247277550562e-04,1.028781288547e-04,9.077032335107e-04,6.956056109280e-03,1.872664365850e-02,3.106070453339e-02,3.559876375757e-02,2.728314926556e-02,1.057907542865e-02
0.120,4.176358673888e-04,6.942817501509e-04,7.571842180927e-05,1.055480326891e-03,7.428768705694e-03,1.931342734674e-02,3.102950670053e-02,3.410649545416e-02,2.431321471020e-02,7.725060352699e-03
0.122,4.148932226963e-04,6.645248022629e-04,5.282547913652e-05,1.212010452796e-03,7.899954785990e-03,1.985291376578e-02,3.088148510303e-02,3.248360590088e-02,2.137233314260e-02,5.267611537028e-03
0.124,4.121599585464e-04,6.354555702227e-04,3.413513255208e-05,1.376762021615e-03,8.367809311068e-03,2.034246347506e-02,3.061826058590e-02,3.074622977887e-02,1.849695105720e-02,3.245511372630e-03
0.126,4.094360825399e-04,6.070726322684e-04,1.958130174604e-05,1.549198111592e-03,8.830565229943e-03,2.077972046428e-02,3.024226647304e-02,2.891152088037e-02,1.572267836662e-02,1.691122391676e-03
0.128,4.067216022934e-04,5.793744849912e-04,9.096019845160e-06,1.728777203675e-03,9.286497899821e-03,2.116262016550e-02,2.975672628790e-02,2.699749173649e-02,1.308387572753e-02,6.299270778254e-04
0.130,4.040165254365e-04,5.523595423227e-04,2.609461253765e-06,1.914953930981e-03,9.733929405705e-03,2.148939621197e-02,2.916562658934e-02,2.502284642033e-02,1.061325737296e-02,8.016711347092e-05
0.132,4.013208596081e-04,5.260261345674e-04,4.997183804952e-08,2.107179841385e-03,1.017123276523e-02,2.175858590811e-02,2.847368508936e-02,2.300680796479e-02,8.341513873762e-03,5.258700981480e-05
0.134,3.986346124536e-04,5.003725074779e-04,1.344101416529e-06,2.304904171674e-03,1.059683600472e-02,2.196903438115e-02,2.768631425089e-02,2.096894188320e-02,6.296959029781e-03,5.502855931182e-04
0.136,3.959577916217e-04,4.753968213747e-04,6.416638517440e-06,2.507574631708e-03,1.100922609297e-02,2.211989739129e-02,2.680958059422e-02,1.892897731678e-02,4.505204820902e-03,1.568677298053e-03
0.138,3.932904047612e-04,4.510971503087e-04,1.519064736194e-05,2.714638197014e-03,1.140695271961e-02,2.221064278365e-02,2.585015996944e-02,1.690662735542e-02,2.988868033356e-03,3.095563668462e-03
0.140,3.906324595179e-04,4.274714812689e-04,2.758750703003e-05,2.925541908215e-03,1.178863190540e-02,2.224105057170e-02,2.481528907932e-02,1.492141008683e-02,1.767311820194e-03,5.111313909056e-03
0.142,3.879839635315e-04,4.045177134337e-04,4.352695276433e-05,3.139733675688e-03,1.215294943255e-02,2.221121164846e-02,2.371271356228e-02,1.299247192390e-02,8.564250614600e-04,7.589151790763e-03
0.144,3.853449244325e-04,3.822336574655e-04,6.292711936481e-05,3.356663087837e-03,1.249866408337e-02,2.212152512835e-02,2.255063296839e-02,1.113841474162e-02,2.684419633059e-04,1.049554470957e-02
0.146,3.827153498393e-04,3.606170348508e-04,8.570458662593e-05,3.575782221357e-03,1.282461067648e-02,2.197269432899e-02,2.133764298207e-02,9.377128321927e-03,1.180388117576e-05,1.379068925506e-02
0.148,3.800952473546e-04,3.396654772830e-04,1.117744267658e-04,3.796546451867e-03,1.312970289032e-02,2.176572140887e-02,2.008267526412e-02,7.725629559673e-03,9.106487531232e-05,1.742908628094e-02
0.150,3.774846245633e-04,3.193765260906e-04,1.410502537953e-04,4.018415263291e-03,1.341293586439e-02,2.150190068330e-02,1.879493530148e-02,6.199909823909e-03,5.068420126751e-04,2.136019720560e-02
0.152,3.748834890285e-04,2.997476317083e-04,1.734442747726e-04,4.240853054356e-03,1.367338856936e-02,2.118281064710e-02,1.748383866701e-02,4.814791797844e-03,1.255810923497e-03,2.552917212292e-02
0.154,3.722918482891e-04,2.807761531936e-04,2.088673428894e-04,4.463329940603e-03,1.391022593789e-02,2.081030473913e-02,1.615894610227e-02,3.583797038075e-03,2.330746608930e-03,2.987763929018e-02
0.156,3.697097098563e-04,2.624593577865e-04,2.472290123290e-04,4.685322550294e-03,1.412270074895e-02,2.038650088931e-02,1.482989784452e-02,2.519025399876e-03,3.720608984354e-03,3.434454469401e-02
0.158,3.671370812114e-04,2.447944205135e-04,2.884375948396e-04,4.906314812628e-03,1.431015525886e-02,1.991376989513e-02,1.350634762453e-02,1.631047371405e-03,5.410672136772e-03,3.886702968974e-02
0.160,3.645739698018e-04,2.277784238364e-04,3.324002179625e-04,5.125798736686e-03,1.447202257350e-02,1.939472267968e-02,1.219789676418e-02,9.288102464424e-04,7.382695780079e-03,4.338133417472e-02
0.162,3.620203830390e-04,2.114083573439e-04,3.790228848519e-04,5.343275179540e-03,1.460782775657e-02,1.883219648929e-02,1.091402880269e-02,4.195589437544e-04,9.615136914468e-03,4.782371239888e-02
0.164,3.594763282949e-04,1.956811174886e-04,4.282105356241e-04,5.558254601988e-03,1.471718866996e-02,1.822924009327e-02,9.664045076857e-03,1.087721524890e-04,1.208339924129e-02,5.213134834212e-02
0.166,3.569418128995e-04,1.805935073666e-04,4.798671101727e-04,5.770257810402e-03,1.479981654293e-02,1.758909805369e-02,8.457001674939e-03,1.143482369730e-07,1.476011745752e-02,5.624325759943e-02
0.168,3.544168441373e-04,1.661422365417e-04,5.338956123812e-04,5.978816683196e-03,1.485551626769e-02,1.691519413713e-02,7.301648174711e-03,9.540408477575e-05,1.761547315942e-02,6.010116291223e-02
0.170,3.519014292452e-04,1.523239209134e-04,5.901981756686e-04,6.183474880454e-03,1.488418641996e-02,1.621111394468e-02,6.206368564881e-03,3.945988232635e-04,2.061753872749e-02,6.365033086385e-02
0.172,3.493955754088e-04,1.391350826279e-04,6.486761297975e-04,6.383788535292e-03,1.488581900390e-02,1.548058684041e-02,5.179124734694e-03,8.957964150464e-04,2.373264524876e-02,6.684035781409e-02
0.174,3.468992897603e-04,1.265721500332e-04,7.092300688774e-04,6.579326925568e-03,1.486049892159e-02,1.472746726151e-02,4.227402899801e-03,1.595253207574e-03,2.692577026069e-02,6.962589387462e-02
0.176,3.444125793750e-04,1.146314576774e-04,7.717599204899e-04,6.769673124572e-03,1.480840316834e-02,1.395571549671e-02,3.358163313240e-03,2.487418596488e-03,3.016094087793e-02,7.196729461193e-02
0.178,3.419354512689e-04,1.033092463503e-04,8.361650158670e-04,6.954424629401e-03,1.472979975569e-02,1.316937802204e-02,2.577793588768e-03,3.564985702038e-03,3.340164768953e-02,7.383119119683e-02
0.180,3.394679123955e-04,9.260166316802e-05,9.023441610476e-04,7.133193965730e-03,1.462504636524e-02,1.237256748502e-02,1.892065940036e-03,4.818957705931e-03,3.661126469408e-02,7.519097088298e-02
0.182,3.370099696434e-04,8.250476170068e-05,9.701957089408e-04,7.305609267767e-03,1.449458873680e-02,1.156944243033e-02,1.306098613324e-03,6.238729246674e-03,3.975347047303e-02,7.602716097598e-02
0.184,3.345616298332e-04,7.301450214265e-05,1.039617632220e-03,7.471314832214e-03,1.433895879569e-02,1.076418686116e-02,8.243217638834e-04,7.812182138821e-03,4.279266579047e-02,7.632771083047e-02
0.186,3.321228997149e-04,6.412675152568e-05,1.110507596973e-03,7.629971645098e-03,1.415877252458e-02,9.960989731310e-03,4.504479966483e-04,9.525794555296e-03,4.569438284976e-02,7.608816786626e-02
0.188,3.296937859651e-04,5.583728397420e-05,1.182763037036e-03,7.781257880403e-03,1.395472758605e-02,9.164024463611e-03,1.874477612592e-04,1.136476269336e-02,4.842568153450e-02,7.531174510461e-02
0.190,3.272742951840e-04,4.814178100290e-05,1.256281228925e-03,7.924869369491e-03,1.372760070314e-02,8.377428589887e-03,3.752975929864e-05,1.331313383486e-02,5.095552811081e-02,7.400927927163e-02
0.192,3.248644338931e-04,4.103583185620e-05,1.330959367305e-03,8.060520040326e-03,1.347824480552e-02,7.605283607534e-03,2.126488505776e-06,1.535394961096e-02,5.325515206936e-02,7.219908007461e-02
0.194,3.224642085323e-04,3.451493388951e-05,1.406694640900e-03,8.187942325624e-03,1.320758595008e-02,6.851595146535e-03,8.188501478035e-05,1.746939819198e-02,5.529837703584e-02,6.990667280714e-02
0.196,3.200736254569e-04,2.857449299193e-05,1.483384308779e-03,8.306887539056e-03,1.291662002514e-02,6.120273539422e-03,2.766630282121e-04,1.964097404421e-02,5.706192197543e-02,6.716443795839e-02
0.198,3.176926909355e-04,2.320982405018e-05,1.560925776942e-03,8.417126218736e-03,1.260640924838e-02,5.415114884838e-03,5.855302044191e-04,2.184964382931e-02,5.852566925643e-02,6.401115296849e-02
0.200,3.153214111470e-04,1.841615145349e-05,1.639216675108e-03,8.518448437272e-03,1.227807846911e-02,4.739782693016e-03,1.006774857375e-03,2.407601696791e-02,5.967289651674e-02,6.049144266544e-02
0.202,3.129597921778e-04,1.418860963916e-05,1.718154933658e-03,8.610664077713e-03,1.193281128639e-02,4.097790198822e-03,1.537915834884e-03,2.630051934837e-02,6.049046969049e-02,5.665514621923e-02
0.204,3.106078400194e-04,1.052224367848e-05,1.797638860621e-03,8.693603074816e-03,1.157184599459e-02,3.492483424839e-03,2.175719573171e-03,2.850356863418e-02,6.096899499553e-02,5.255660963754e-02
0.206,3.082655605658e-04,7.412009902709e-06,1.877567218653e-03,8.767115621096e-03,1.119647136926e-02,2.927025073493e-03,2.916222192889e-03,3.066574960997e-02,6.110292815086e-02,4.825391388719e-02
0.208,3.059329596108e-04,4.852776568895e-06,1.957839301906e-03,8.831072337213e-03,1.080802230596e-02,2.404379323293e-03,3.754756485486e-03,3.276798800631e-02,6.089063958143e-02,4.380804964204e-02
0.210,3.036100428456e-04,2.839324564998e-06,2.038355012733e-03,8.885364406303e-03,1.040787532574e-02,1.927297600011e-03,4.685983606494e-03,3.479172125724e-02,6.033443486941e-02,3.928205041781e-02
0.212,3.012968158557e-04,1.366348154179e-06,2.119014938125e-03,8.929903671942e-03,9.997443961102e-03,1.498305389052e-03,5.703929261138e-03,3.671906467239e-02,5.944053022237e-02,3.474009644610e-02
0.214,2.989932841191e-04,4.284557577927e-07,2.199720425821e-03,8.964622699488e-03,9.578174036716e-03,1.119690150322e-03,6.802024137940e-03,3.853297154664e-02,5.821898324121e-02,3.024660205671e-02
0.216,2.966994530033e-04,2.017077675186e-08,2.280373660010e-03,8.989474800636e-03,9.151538859563e-03,7.934903917200e-04,7.973148317861e-03,4.021738578432e-02,5.668357978084e-02,2.586529957141e-02
0.218,2.944153277628e-04,1.359324508791e-07,2.360877736539e-03,9.004434021071e-03,8.719034333420e-03,5.214859519025e-04,9.209679360237e-03,4.175738568192e-02,5.485167819758e-02,2.165833276178e-02
0.220,2.921409135366e-04,7.700967558657e-07,2.441136737556e-03,9.009495091192e-03,8.282174012881e-03,3.051895372529e-04,1.050354374242e-02,4.313931759202e-02,5.274401276261e-02,1.768537278729e-02
0.222,2.898762153461e-04,1.916937337433e-06,2.521055805517e-03,9.004673339945e-03,7.842484112288e-03,1.458395520509e-04,1.184627130787e-02,4.435091828130e-02,5.038445848700e-02,1.400276920925e-02
0.224,2.876212380921e-04,3.570646482288e-06,2.600541216472e-03,8.990004571873e-03,7.401498485114e-03,4.439425473031e-05,1.322905235761e-02,4.538142489610e-02,4.779976004359e-02,1.066274817655e-02
0.226,2.853759865527e-04,5.725336125452e-06,2.679500452557e-03,8.965544907565e-03,6.960753589440e-03,1.527266829707e-06,1.464279700237e-02,4.622167155936e-02,4.501922788012e-02,7.712669207203e-03
0.228,2.831404653807e-04,8.375038893525e-06,2.757842273627e-03,8.931370587753e-03,6.521783455206e-03,1.762445483985e-05,1.607819637799e-02,4.686417174142e-02,4.207440499250e-02,5.194351155021e-03
0.230,2.809146791012e-04,1.151370918345e-05,2.835476787943e-03,8.887577741388e-03,6.086114668943e-03,9.278219864926e-05,1.752578531428e-02,4.730318567399e-02,3.899870816115e-02,3.143476965613e-03
0.232,2.786986321095e-04,1.513522427633e-05,2.912315521853e-03,8.834282118079e-03,5.655261391617e-03,2.268070537219e-04,1.897600603807e-02,4.753477220927e-02,3.582704774459e-02,1.589085703574e-03
0.234,2.764923286681e-04,1.923338548576e-05,2.988271488383e-03,8.771618785355e-03,5.230720425149e-03,4.192168075378e-04,2.041927248431e-02,4.755682466467e-02,3.259543036889e-02,5.531590901383e-04
0.236,2.742957729052e-04,2.380191934037e-05,3.063259254684e-03,8.699741791291e-03,4.813966343001e-03,6.692429242197e-04,2.184603478529e-02,4.736909033553e-02,2.934054904641e-02,5.030844468176e-05
0.238,2.721089688114e-04,2.883447879985e-05,3.137195008250e-03,8.618823793089e-03,4.406446700033e-03,9.758343646930e-04,2.324684350691e-02,4.697317350389e-02,2.609936540043e-02,8.756649366655e-05
0.240,2.699319202382e-04,3.432464450420e-05,3.209996621847e-03,8.529055652265e-03,4.009577336596e-03,1.337662763201e-03,2.461241320278e-02,4.637252191738e-02,2.290868876236e-02,6.642870174488e-04
0.242,2.677646308951e-04,4.026592605546e-05,3.281583717088e-03,8.430645997198e-03,3.624737791526e-03,1.753128934574e-03,2.593368486154e-02,4.557239685960e-02,1.980475694357e-02,1.772153769754e-03
0.244,2.656071043479e-04,4.665176333169e-05,3.351877726583e-03,8.323820753803e-03,3.253266838356e-03,2.220370680340e-03,2.720188683034e-02,4.457982707874e-02,1.682282346458e-02,3.395298548744e-03
0.246,2.634593440158e-04,5.347552783236e-05,3.420801954605e-03,8.208822645202e-03,2.896458158708e-03,2.737271855606e-03,2.840859380757e-02,4.340354698488e-02,1.399675595116e-02,5.510526744340e-03
0.248,2.613213531695e-04,6.073052405480e-05,3.488281636206e-03,8.085910661297e-03,2.555556166353e-03,3.301472652663e-03,2.954578351116e-02,4.205391966576e-02,1.135865027860e-02,8.087647156162e-03
0.250,2.591931349291e-04,6.840999090119e-05,3.554243994722e-03,7.955359499221e-03,2.231751994991e-03,3.910381051501e-03,3.060589064394e-02,4.054284540591e-02,8.938464866600e-03,1.108990139168e-02
0.252,2.570746922616e-04,7.650710311534e-05,3.618618297616e-03,7.817458975698e-03,1.926179662277e-03,4.561185381897e-03,3.158185779607e-02,3.888365652257e-02,6.763679296739e-03,1.447448673639e-02
0.254,2.549660279787e-04,8.501497274895e-05,3.681335910586e-03,7.672513412389e-03,1.639912422042e-03,5.250867936446e-03,3.246718294482e-02,3.709099945331e-02,4.858981147607e-03,1.819316505667e-02
0.256,2.528671447350e-04,9.392665065649e-05,3.742330349897e-03,7.520840995366e-03,1.373959316105e-03,5.976219568958e-03,3.325596323470e-02,3.518070514374e-02,3.245984620452e-03,2.219294907128e-02
0.258,2.507780450252e-04,1.032351280184e-04,3.801537332872e-03,7.362773109909e-03,1.129261936412e-03,6.733855207952e-03,3.394293474615e-02,3.316964888691e-02,1.942984165916e-03,2.641685622518e-02
0.260,2.486987311829e-04,1.129333378918e-04,3.858894826497e-03,7.198653651841e-03,9.066914075714e-04,7.520230210654e-03,3.452350798722e-02,3.107560086042e-02,9.647459232729e-04,3.080471943768e-02
0.262,2.466292053774e-04,1.230141567881e-04,3.914343094081e-03,7.028838316702e-03,7.070455991930e-04,8.331657478927e-03,3.499379887193e-02,2.891706868929e-02,3.223393523356e-04,3.529404318584e-02
0.264,2.445694696124e-04,1.334704062773e-04,3.967824739936e-03,6.853693868076e-03,5.310465766654e-04,9.164325254947e-03,3.535065497854e-02,2.671313343352e-02,2.301097996767e-05,3.982089273945e-02
0.266,2.425195257236e-04,1.442948546175e-04,4.019284752017e-03,6.673597386446e-03,3.793382982878e-04,1.001431551125e-02,3.559167691294e-02,2.448328045780e-02,7.010170292148e-05,4.432080389121e-02
0.268,2.404793753767e-04,1.554802184101e-04,4.068670542478e-03,6.488935499963e-03,2.524845658751e-04,1.087762284692e-02,3.571523463472e-02,2.224722668596e-02,4.630085920622e-04,4.872970023338e-02
0.270,2.384490200654e-04,1.670191642791e-04,4.115931986111e-03,6.300103598590e-03,1.509672351567e-04,1.175017379937e-02,3.572047863738e-02,2.002474577513e-02,1.197191635660e-03,5.298480492593e-02
0.272,2.364284611092e-04,1.789043105742e-04,4.161021456623e-03,6.107505033080e-03,7.518469146850e-05,1.262784647914e-02,3.560734590822e-02,1.783549276266e-02,2.264225347032e-03,5.702553397725e-02
0.274,2.344176996517e-04,1.911282290976e-04,4.203893860707e-03,5.911550300291e-03,2.545059539391e-05,1.350649043368e-02,3.537656062863e-02,1.569882974390e-02,3.651894650271e-03,6.079435832354e-02
0.276,2.324167366582e-04,2.036834468526e-04,4.244506669874e-03,5.712656216370e-03,1.992902155710e-06,1.438194664494e-02,3.502962961013e-02,1.363365412929e-02,5.344333952990e-03,6.423762243553e-02
0.278,2.304255729143e-04,2.165624478146e-04,4.282819950022e-03,5.511245079358e-03,4.953157693311e-06,1.525006756514e-02,3.456883249721e-02,1.165823100681e-02,7.322207822543e-03,6.730630780062e-02
0.280,2.284442090234e-04,2.297576747228e-04,4.318796388688e-03,5.307743822790e-03,3.438607348139e-05,1.610673709467e-02,3.399720680241e-02,9.790031098764e-03,9.562931207901e-03,6.995673041279e-02
0.282,2.264726454050e-04,2.432615308931e-04,4.352401319977e-03,5.102583161882e-03,9.025938126267e-05,1.694789040663e-02,3.331852787389e-02,8.045575752841e-03,1.204092669842e-02,7.215116234154e-02
0.284,2.245108822931e-04,2.570663820499e-04,4.383602747127e-03,4.896196733914e-03,1.724539679796e-04,1.776953352318e-02,3.253728392947e-02,6.440290344231e-03,1.472791588845e-02,7.385836853211e-02
0.286,2.225589197336e-04,2.711645581780e-04,4.412371362687e-03,4.689020234419e-03,2.807642903006e-04,1.856776254993e-02,3.165864632393e-02,4.988367391439e-03,1.759324152797e-02,7.505405119681e-02
0.288,2.206167575834e-04,2.855483553918e-04,4.438680566285e-03,4.481490550824e-03,4.148990672496e-04,1.933878247654e-02,3.068843524830e-02,3.702640601795e-03,2.060421678814e-02,7.572119546973e-02
0.290,2.186843955075e-04,3.002100378232e-04,4.462506479976e-03,4.274044895161e-03,5.744822485655e-04,2.007892545348e-02,2.963308109020e-02,2.594470965847e-03,2.372649766195e-02,7.585031140530e-02
0.292,2.167618329780e-04,3.151418395259e-04,4.483827961132e-03,4.067119937480e-03,7.590542555420e-04,2.078466845780e-02,2.849958171348e-02,1.673645912624e-03,2.692447425564e-02,7.543956887608e-02
0.294,2.148490692720e-04,3.303359663961e-04,4.502626612878e-03,3.861150941621e-03,9.680734902348e-04,2.145265026311e-02,2.729545594218e-02,9.482924219706e-04,3.016167651201e-02,7.449482344834e-02
0.296,2.129461034698e-04,3.457845981091e-04,4.518886792053e-03,3.656570904954e-03,1.200918108071e-03,2.207968763307e-02,2.602869355966e-02,4.248048660607e-04,3.340118974139e-02,7.302953286637e-02
0.298,2.110529344530e-04,3.614798900698e-04,4.532595614680e-03,3.453809703722e-03,1.456888048061e-03,2.266279066066e-02,2.470770215663e-02,1.077882215249e-04,3.660607522453e-02,7.106456533618e-02
0.300,2.091695609032e-04,3.774139753784e-04,4.543742958949e-03,3.253293245598e-03,1.735207313985e-03,2.319917718019e-02,2.334125118292e-02,1.715708953436e-08,3.973979109371e-02,6.862790233359e-02
0.302,2.072959812998e-04,3.935789668087e-04,4.552321465699e-03,3.055442631059e-03,2.035026499158e-03,2.368628618302e-02,2.193841357661e-02,1.024113606923e-04,4.276660869523e-02,6.575424017019e-02
0.304,2.054321939186e-04,4.099669587991e-04,4.558326536393e-03,2.860673325160e-03,2.355425546562e-03,2.412179017306e-02,2.050850536000e-02,4.140273258371e-04,4.565201968764e-02,6.248449598522e-02
0.306,2.035781968300e-04,4.265700294559e-04,4.561756328600e-03,2.669394341273e-03,2.695416735427e-03,2.450360640289e-02,1.906102360578e-02,9.320666708192e-04,4.836312923582e-02,5.886522519801e-02
0.308,2.017339878974e-04,4.433802425667e-04,4.562611748965e-03,2.482007438332e-03,3.053947884596e-03,2.482990693699e-02,1.760558318743e-02,1.651900917666e-03,5.086903081916e-02,5.494795870967e-02
0.310,1.998995647755e-04,4.603896496257e-04,4.560896443688e-03,2.298906333109e-03,3.429905762340e-03,2.509912749397e-02,1.615185273592e-02,2.567112511478e-03,5.314115838220e-02,5.078846929054e-02
0.312,1.980749249088e-04,4.775902918667e-04,4.556616786514e-03,2.120475928993e-03,3.822119691622e-03,2.530997502555e-02,1.470949023038e-02,3.669551716689e-03,5.515361181360e-02,4.644597759518e-02
0.314,1.962600655298e-04,4.949742023068e-04,4.549781864238e-03,1.947091562753e-03,4.229365339194e-03,2.546143399630e-02,1.328807865240e-02,4.949408885773e-03,5.688345204340e-02,4.198230910509e-02
0.316,1.944549836577e-04,5.125334077965e-04,4.540403459742e-03,1.779118270687e-03,4.650368676330e-03,2.555277133395e-02,1.189706213358e-02,6.395301459491e-03,5.831096239573e-02,3.746101400193e-02
0.318,1.926596760966e-04,5.302599310782e-04,4.528496032579e-03,1.616910075554e-03,5.083810098442e-03,2.558354002690e-02,1.054568302244e-02,7.994374926859e-03,5.941987321695e-02,3.294646249651e-02
0.320,1.908741394343e-04,5.481457928511e-04,4.514076697112e-03,1.460809295640e-03,5.528328690350e-03,2.555358135167e-02,9.242920290689e-03,9.732416849200e-03,6.019754721969e-02,2.850292849310e-02
0.322,1.890983700403e-04,5.661830138410e-04,4.497165198244e-03,1.311145877248e-03,5.982526623477e-03,2.546302571977e-02,7.997429690027e-03,1.159398293667e-02,6.063512342939e-02,2.419367462951e-02
0.324,1.873323640648e-04,5.843636168764e-04,4.477783884735e-03,1.168236751894e-03,6.444973670861e-03,2.531229213997e-02,6.817486058692e-03,1.356253405837e-02,6.072761809324e-02,2.008005172060e-02
0.326,1.855761174370e-04,6.026796289675e-04,4.455957680156e-03,1.032385219399e-03,6.914211825472e-03,2.510208629861e-02,5.710928163040e-03,1.562058297051e-02,6.047398140045e-02,1.622062541979e-02
0.328,1.838296258635e-04,6.211230833896e-04,4.431714051489e-03,9.038803580614e-04,7.388760007020e-03,2.483339726727e-02,4.685106442121e-03,1.774984946043e-02,5.987710936769e-02,1.267034253308e-02
0.330,1.820928848275e-04,6.396860217687e-04,4.405082975406e-03,7.829964630094e-04,7.867118842141e-03,2.450749285348e-02,3.746834004096e-03,1.993142252962e-02,5.894381075378e-02,9.479748850960e-03
0.332,1.803658895865e-04,6.583604961687e-04,4.376096902259e-03,6.699925137949e-04,8.347775502639e-03,2.412591361681e-02,2.902341201569e-03,2.214592817667e-02,5.768472938110e-02,6.694269631374e-03
0.334,1.786486351717e-04,6.771385711807e-04,4.344790717813e-03,5.651116722341e-04,8.829208586249e-03,2.369046557897e-02,2.157234088998e-03,2.437370129089e-02,5.611422274831e-02,4.353562977243e-03
0.336,1.769411163862e-04,6.960123260115e-04,4.311201702757e-03,4.685808114368e-04,9.309893024294e-03,2.320321166292e-02,1.516457039528e-03,2.659496013120e-02,5.425019831812e-02,2.490955310816e-03
0.338,1.752433278040e-04,7.149738565720e-04,4.275369490031e-03,3.806100769100e-04,9.788305000487e-03,2.266646190177e-02,9.842597707778e-04,2.878998184170e-02,5.211390934635e-02,1.132966981559e-03
0.340,1.735552637684e-04,7.340152775649e-04,4.237336020006e-03,3.013924805608e-04,1.026292686512e-02,2.208276246444e-02,5.641689997247e-04,3.093927744636e-02,4.972971257791e-02,2.989347594288e-04
0.342,1.718769183908e-04,7.531287245693e-04,4.197145493562e-03,2.311035283570e-04,1.073225202890e-02,2.145488355064e-02,2.589649159628e-04,3.302376476936e-02,4.712479057414e-02,7.365874640501e-07
0.344,1.702082855495e-04,7.723063561239e-04,4.154844323108e-03,1.699008823441e-04,1.119478982073e-02,2.078580621283e-02,7.066263044734e-05,3.502493774658e-02,4.432884183263e-02,2.426225110089e-04
0.346,1.685493588884e-04,7.915403558052e-04,4.110481081583e-03,1.179240576472e-04,1.164907029395e-02,2.007870816845e-02,4.987236702823e-07,3.692503062574e-02,4.137374223469e-02,1.021154190361e-03
0.348,1.669001318159e-04,8.108229343022e-04,4.064106449496e-03,7.529415502327e-05,1.209364896547e-02,1.933694867003e-02,4.892298318046e-05,3.870717559729e-02,3.829318167799e-02,2.325253857205e-03
0.350,1.652605975036e-04,8.301463314859e-04,4.015773160050e-03,4.211362945656e-05,1.252711147290e-02,1.856405250576e-02,2.155953857557e-04,4.035555245722e-02,3.512228003443e-02,4.136362018171e-03
0.352,1.636307488849e-04,8.495028184728e-04,3.965535942392e-03,1.846609522594e-05,1.294807813445e-02,1.776369320673e-02,4.993883445589e-04,4.185552897355e-02,3.189718681444e-02,6.428701660014e-03
0.354,1.620105786545e-04,8.688846996814e-04,3.913451463066e-03,4.416167798825e-06,1.335520839726e-02,1.693967554140e-02,8.983942064726e-04,4.319379071071e-02,2.865466909565e-02,9.169645195450e-03
0.356,1.604000792665e-04,8.882843148822e-04,3.859578265696e-03,9.342838039840e-09,1.374720515979e-02,1.609591738075e-02,1.409937949798e-03,4.435845915874e-02,2.543169241725e-02,1.232017892598e-02
0.358,1.587992429339e-04,9.076940412383e-04,3.803976708981e-03,5.271912536054e-06,1.412281895443e-02,1.523643102100e-02,2.030594997839e-03,4.533919712009e-02,2.226499941414e-02,1.583545840996e-02
0.360,1.572080616272e-04,9.271062953381e-04,3.746708903041e-03,2.021091941950e-05,1.448085197706e-02,1.436530405305e-02,2.756214029706e-03,4.612730041729e-02,1.919069099461e-02,1.966544683136e-02
0.362,1.556265270733e-04,9.465135352174e-04,3.687838644189e-03,4.481414769505e-05,1.482016195047e-02,1.348667987005e-02,3.581944636442e-03,4.671577510837e-02,1.624381483492e-02,2.375562727888e-02
0.364,1.540546307549e-04,9.659082623722e-04,3.627431348184e-03,7.905015213571e-05,1.513966580953e-02,1.260473790645e-02,4.502269638120e-03,4.709939952434e-02,1.345796588213e-02,2.804777880057e-02
0.366,1.524923639089e-04,9.852830237586e-04,3.565553982023e-03,1.228683244344e-04,1.543834319608e-02,1.172367370279e-02,5.511041846645e-03,4.727477057776e-02,1.086490341650e-02,3.248080518359e-02
0.368,1.509397175258e-04,1.004630413783e-03,3.502274994353e-03,1.761989968802e-04,1.571523975256e-02,1.084767889156e-02,6.601525029137e-03,4.724033393208e-02,8.494189040563e-03,3.699160466094e-02
0.370,1.493966823487e-04,1.023943076276e-03,3.437664244551e-03,2.389535831404e-04,1.596947020364e-02,9.980921199942e-03,7.766438798951e-03,4.699639776312e-02,6.372849720209e-03,4.151596817051e-02
0.372,1.478632488721e-04,1.043213706459e-03,3.371792930556e-03,3.110247558610e-04,1.620022121626e-02,9.127524564689e-03,8.998007135051e-03,4.654512999093e-02,4.525069716497e-03,4.598949337095e-02
0.374,1.463394073414e-04,1.062435052888e-03,3.304733515502e-03,3.922866607265e-04,1.640675402866e-02,8.291549454539e-03,1.028801020632e-02,4.589053900647e-02,2.971914923438e-03,5.034850141154e-02
0.376,1.448251477517e-04,1.081599919393e-03,3.236559653249e-03,4.825951665523e-04,1.658840684019e-02,7.476973493922e-03,1.162783915530e-02,4.503843806432e-02,1.731092750149e-03,5.453094340445e-02
0.378,1.433204598469e-04,1.100701166988e-03,3.167346112853e-03,5.817881509095e-04,1.674459695416e-02,6.687672480723e-03,1.300855347621e-02,4.399639365677e-02,8.167502860349e-04,5.847728368610e-02
0.380,1.418253331192e-04,1.119731715783e-03,3.097168702073e-03,6.896858207190e-04,1.687482266700e-02,5.927401888779e-03,1.442094060456e-02,4.277365832827e-02,2.393130488028e-04,6.213134731817e-02
0.382,1.403397568078e-04,1.138684546860e-03,3.026104189975e-03,8.060910671804e-04,1.697866489744e-02,5.199778943482e-03,1.585557732137e-02,4.138108852627e-02,5.366153834888e-06,6.544111972516e-02
0.384,1.388637198986e-04,1.157552704142e-03,2.954230228703e-03,9.307898543377e-04,1.705578855091e-02,4.508265356195e-03,1.730289256216e-02,3.983104821694e-02,1.175792584253e-04,6.835948713819e-02
0.386,1.373972111229e-04,1.176329296247e-03,2.881625274503e-03,1.063551640518e-03,1.710594361434e-02,3.856150799994e-03,1.875323121247e-02,3.813729912221e-02,5.746761371012e-04,7.084490725539e-02
0.388,1.359402189572e-04,1.195007498309e-03,2.808368508077e-03,1.204129831816e-03,1.712896597831e-02,3.246537205673e-03,2.019691846413e-02,3.631487855157e-02,1.371449234175e-03,7.286200059131e-02
0.390,1.344927316220e-04,1.213580553793e-03,2.734539754324e-03,1.352262266739e-03,1.712477798352e-02,2.682323953122e-03,2.162432430339e-02,3.437996591345e-02,2.498819027915e-03,7.438205411986e-02
0.392,1.330547370816e-04,1.232041776281e-03,2.660219401567e-03,1.507671731064e-03,1.709338869024e-02,2.166194028803e-03,2.302592770104e-02,3.234973909024e-02,3.943937529270e-03,7.538343000184e-02
0.394,1.316262230427e-04,1.250384551244e-03,2.585488320333e-03,1.670066501892e-03,1.703489386953e-02,1.700601215541e-03,2.439238007615e-02,3.024222195272e-02,5.690334735207e-03,7.585187360337e-02
0.396,1.302071769544e-04,1.268602337781e-03,2.510427781765e-03,1.839140919860e-03,1.694947571652e-02,1.287758375810e-03,2.571456761079e-02,2.807612436629e-02,7.718106369181e-03,7.578071641818e-02
0.398,1.287975860076e-04,1.286688670351e-03,2.435119375744e-03,2.014575988368e-03,1.683740228655e-02,9.296268845604e-04,2.698367199975e-02,2.587067611017e-02,1.000414076393e-02,7.517097100000e-02
0.400,1.273974371336e-04,1.304637160464e-03,2.359644928801e-03,2.196039998671e-03,1.669902665601e-02,6.279072620830e-04,2.819122923056e-02,2.364545618229e-02,1.252238230743e-02,7.403131655930e-02
0.402,1.260067170046e-04,1.322441498366e-03,2.284086421898e-03,2.383189179617e-03,1.653478581067e-02,3.840310517102e-04,2.932918600166e-02,2.142021900587e-02,1.524412844196e-02,7.237797541153e-02
0.404,1.246254120322e-04,1.340095454685e-03,2.208525908154e-03,2.575668370758e-03,1.634519926484e-02,1.991539811703e-04,3.038995340257e-02,1.921471908041e-02,1.813835683625e-02,7.023448208315e-02
0.406,1.232535083676e-04,1.357592882062e-03,2.133045430598e-03,2.773111717533e-03,1.613086741604e-02,7.415044032828e-05,3.136645749827e-02,1.704853563200e-02,2.117207899875e-02,6.763134828423e-02
0.408,1.218909919005e-04,1.374927716749e-03,2.057726940029e-03,2.975143387173e-03,1.589246964034e-02,9.609301709462e-06,3.225218648026e-02,1.494089882167e-02,2.431071630162e-02,6.460562860861e-02
0.410,1.205378482592e-04,1.392093980188e-03,1.982652213058e-03,3.181378303921e-03,1.563076213439e-02,5.831103821822e-06,3.304123407009e-02,1.291051905164e-02,2.751849412992e-02,6.120039305489e-02
0.412,1.191940628095e-04,1.409085780554e-03,1.907902770413e-03,3.391422902167e-03,1.534657551126e-02,6.282661077079e-05,3.372833888583e-02,1.097542088666e-02,3.075884966374e-02,5.746411395394e-02
0.414,1.178596206550e-04,1.425897314280e-03,1.833559795586e-03,3.604875896001e-03,1.504081215757e-02,1.803167550836e-04,3.430891950894e-02,9.152783063054e-03,3.399484864332e-02,5.344997596363e-02
0.416,1.165345066359e-04,1.442522867551e-03,1.759704053900e-03,3.821329063723e-03,1.471444336050e-02,3.577339640646e-04,3.477910501814e-02,7.458786007149e-03,3.718960636760e-02,4.921511901456e-02
0.418,1.152187053294e-04,1.458956817762e-03,1.686415812070e-03,4.040368045764e-03,1.436850621394e-02,5.942248633788e-04,3.513576078577e-02,5.908468213629e-03,4.030670813044e-02,4.481982492883e-02
0.420,1.139122010488e-04,1.475193634960e-03,1.613774758346e-03,4.261573154478e-03,1.400410031343e-02,8.886543449996e-04,3.537650936572e-02,4.515592762399e-03,4.331062429537e-02,4.032665932845e-02
0.422,1.126149778432e-04,1.491227883243e-03,1.541859923298e-03,4.484520194244e-03,1.362238425085e-02,1.239610980125e-03,3.549974633258e-02,3.292525155123e-03,4.616711528585e-02,3.579958102376e-02
0.424,1.113270194976e-04,1.507054222142e-03,1.470749601335e-03,4.708781290267e-03,1.322457191966e-02,1.645413751258e-03,3.550465096740e-02,2.250123557975e-03,4.884362186512e-02,3.130303158043e-02
0.426,1.100483095322e-04,1.522667407958e-03,1.400521273026e-03,4.933925724488e-03,1.281192864294e-02,2.104120071319e-03,3.539119171790e-02,1.397642424146e-03,5.130963626970e-02,2.690101800444e-02
0.428,1.087788312023e-04,1.538062295083e-03,1.331251528296e-03,5.159520776982e-03,1.238576713625e-02,2.613535051554e-03,3.516012639717e-02,7.426503509873e-04,5.353704995504e-02,2.265620162496e-02
0.430,1.075185674982e-04,1.553233837273e-03,1.263015990579e-03,5.385132571197e-03,1.194744331847e-02,3.171221973991e-03,3.481299711978e-02,2.909629018369e-04,5.550047398942e-02,1.862900610969e-02
0.432,1.062675011448e-04,1.568177088905e-03,1.195889241986e-03,5.610326921422e-03,1.149835198401e-02,3.774513918473e-03,3.435212000813e-02,4.659098765170e-05,5.717752845824e-02,1.487675736701e-02
0.434,1.050256146014e-04,1.582887206189e-03,1.129944749579e-03,5.834670180819e-03,1.103992235006e-02,4.420526488781e-03,3.378056973880e-02,1.170526786292e-05,5.854909756440e-02,1.145286750118e-02
0.436,1.037928900617e-04,1.597359448350e-03,1.065254792807e-03,6.057730088388e-03,1.057361349340e-02,5.106171577071e-03,3.310215903117e-02,1.866168850871e-04,5.959954751630e-02,8.406074530833e-03
0.438,1.025693094537e-04,1.611589178783e-03,1.001890392177e-03,6.279076613225e-03,1.010090969114e-02,5.828172100978e-03,3.232141321520e-02,5.697747056555e-04,6.031690474117e-02,5.779748587990e-03
0.440,1.013548544393e-04,1.625571866162e-03,9.399212392343e-04,6.498282794435e-03,9.623315680415e-03,6.583077642979e-03,3.144354004821e-02,1.157779089961e-03,6.069299236444e-02,3.611274567760e-03
0.442,1.001495064147e-04,1.639303085527e-03,8.794156279152e-04,6.714925575074e-03,9.142351852239e-03,7.367280917378e-03,3.047439498160e-02,1.945412070234e-03,6.072352341557e-02,1.931519954010e-03
0.444,9.895324650985e-05,1.652778519325e-03,8.204403873316e-04,6.928586628505e-03,8.659549394788e-03,8.177034986323e-03,2.942044210923e-02,2.925683668874e-03,6.040814970178e-02,7.643954382388e-04
0.446,9.776605558876e-05,1.665993958425e-03,7.630608160655e-04,7.138853175578e-03,8.176445401741e-03,9.008471142602e-03,2.828871105784e-02,4.089893943851e-03,5.975046576999e-02,1.265145434503e-04
0.448,9.658791424936e-05,1.678945303088e-03,7.073406180247e-04,7.345318791034e-03,7.694577961304e-03,9.857617373913e-03,2.708675010703e-02,5.427710214165e-03,5.875796795626e-02,2.695714089194e-05
0.450,9.541880282358e-05,1.691628563910e-03,6.533418399275e-04,7.547584197589e-03,7.215481241643e-03,1.072041732045e-02,2.582257585131e-02,6.927258775216e-03,5.744196892057e-02,4.671401980351e-04
0.452,9.425870137737e-05,1.704039862724e-03,6.011248104727e-04,7.745258046162e-03,6.740680588429e-03,1.159274963515e-02,2.450461973952e-02,8.575230295123e-03,5.581746871484e-02,1.440797607895e-03
0.454,9.310758971080e-05,1.716175433463e-03,5.507480812558e-04,7.937957680719e-03,6.271687650221e-03,1.247044765444e-02,2.314167184878e-02,1.035699795121e-02,5.390298381041e-02,2.934069385461e-03
0.456,9.196544735814e-05,1.728031622990e-03,5.022683694861e-04,8.125309886280e-03,5.809995547255e-03,1.334931928527e-02,2.174282226758e-02,1.225674726336e-02,5.172033602876e-02,4.925698955706e-03
0.458,9.083225358802e-05,1.739604891887e-03,4.557405025600e-04,8.306951618616e-03,5.357074099116e-03,1.422516701366e-02,2.031740047843e-02,1.425761646549e-02,4.929440383057e-02,7.387335749111e-03
0.460,8.970798740356e-05,1.750891815213e-03,4.112173645433e-04,8.482530714252e-03,4.914365126556e-03,1.509380793926e-02,1.887491314463e-02,1.634184617852e-02,4.665283872121e-02,1.028393875379e-02
0.462,8.859262754255e-05,1.761889083210e-03,3.687498446138e-04,8.651706579376e-03,4.483277842508e-03,1.595109374007e-02,1.742498071668e-02,1.849093704371e-02,4.382575007545e-02,1.357427531653e-02
0.464,8.748615247768e-05,1.772593501989e-03,3.283867875124e-04,8.814150856344e-03,4.065184347026e-03,1.679293047208e-02,1.597727327892e-02,2.068581392909e-02,4.084536195252e-02,1.721150808176e-02
0.466,8.638854041676e-05,1.783001994162e-03,2.901749460518e-04,8.969548066482e-03,3.661415240588e-03,1.761529810954e-02,1.454144606725e-02,2.290699524547e-02,3.774564576850e-02,2.114386172157e-02
0.468,8.529976930299e-05,1.793111599440e-03,2.541589357246e-04,9.117596227944e-03,3.273255369791e-03,1.841426973203e-02,1.312707508471e-02,2.513476586940e-02,3.456193310234e-02,2.531535993185e-02
0.470,8.421981681522e-05,1.802919475197e-03,2.203811914576e-04,9.258007447431e-03,2.901939719040e-03,1.918603026728e-02,1.174359324672e-02,2.734935213851e-02,3.133051295601e-02,2.966662224107e-02
0.472,8.314866036829e-05,1.812422896987e-03,1.888819265501e-04,9.390508484635e-03,2.548649461421e-03,1.992689469987e-02,1.040022748022e-02,2.953109736758e-02,2.808821812277e-02,3.413570927989e-02
0.474,8.208627711336e-05,1.821619259024e-03,1.596990938369e-04,9.514841288305e-03,2.214508181355e-03,2.063332565889e-02,9.105937196815e-03,3.166063632578e-02,2.487200535566e-02,3.865900451448e-02
0.476,8.103264393828e-05,1.830506074625e-03,1.328683491118e-04,9.630763502919e-03,1.900578281142e-03,2.130195030086e-02,7.869354550099e-03,3.371906712861e-02,2.171853411514e-02,4.317211973392e-02
0.478,7.998773746794e-05,1.839080976610e-03,1.084230168460e-04,9.738048944953e-03,1.607857582904e-03,2.192957640697e-02,6.698726875094e-03,3.568811901220e-02,1.866374871108e-02,4.761081168182e-02
0.480,7.895153406477e-05,1.847341717659e-03,8.639405823349e-05,9.836488047866e-03,1.337276136795e-03,2.251320761789e-02,5.601861694699e-03,3.755031451190e-02,1.574246859046e-02,5.191189647519e-02
0.482,7.792400982909e-05,1.855286170637e-03,6.681004159376e-05,9.925888274905e-03,1.089693245691e-03,2.305005773347e-02,4.586074657827e-03,3.928912459459e-02,1.298799145877e-02,5.601414906217e-02
0.484,7.690514059966e-05,1.862912328872e-03,4.969711515848e-05,1.000607449897e-02,8.658947159134e-04,2.353756400908e-02,3.658140759070e-03,4.088911537956e-02,1.043171373312e-02,5.985917476372e-02
0.486,7.589490195413e-05,1.870218306390e-03,3.507898226794e-05,1.007688934875e-02,6.665903427516e-04,2.397339938457e-02,2.824249162379e-03,4.233608512384e-02,8.102772673813e-03,6.339224041355e-02
0.488,7.489326920955e-05,1.877202338120e-03,2.297687899973e-05,1.013819352056e-02,4.924116388700e-04,2.435548358868e-02,2.089961932192e-03,4.361719028980e-02,6.027714264520e-03,6.656305358920e-02
0.490,7.390021742299e-05,1.883862780044e-03,1.340955425020e-05,1.018986605517e-02,3.439098128601e-04,2.468199306425e-02,1.460176946036e-03,4.472105954682e-02,4.230190633016e-03,6.932647848961e-02
0.492,7.291572139202e-05,1.890198109319e-03,6.393252286537e-06,1.023180457911e-02,2.215540044137e-04,2.495136966812e-02,9.390952359324e-04,4.563789470128e-02,2.730690450500e-03,7.164317825455e-02
0.494,7.193975565541e-05,1.896206924350e-03,1.941697785035e-06,1.026392551014e-02,1.257297817829e-04,2.516232810377e-02,5.301929768729e-04,4.635955767676e-02,1.546305393744e-03,7.348017528696e-02
0.496,7.097229449367e-05,1.901887944822e-03,6.608336869580e-08,1.028616422622e-02,5.673790633742e-05,2.531386205076e-02,2.361983085446e-04,4.687964274708e-02,6.905353292036e-04,7.481132023733e-02
0.498,7.001331192977e-05,1.907240011699e-03,7.750596547091e-07,1.029847519787e-02,1.479336818324e-05,2.540524896252e-02,5.907314533674e-05,4.719353339379e-02,1.731344302623e-04,7.561766462460e-02
0.500,6.906278172979e-05,1.912262087169e-03,4.074727820004e-06,1.030083208364e-02,2.469594331452e-08,2.543605350893e-02,9.572755080571e-11,4.729844329144e-02,3.065686478780e-13,7.588773037557e-02
0.502,6.812067740364e-05,1.916953254560e-03,9.968634690532e-06,1.029322778837e-02,1.247354291959e-05,2.540612964740e-02,5.937457800381e-05,4.719344104099e-02,1.731052480973e-04,7.561767313024e-02
0.504,6.718697220580e-05,1.921312718206e-03,1.845777035746e-05,1.027567448432e-02,5.209455097170e-05,2.531562131268e-02,2.368021853141e-04,4.687945843396e-02,6.904767975041e-04,7.481133710805e-02
0.506,6.626163913605e-05,1.925339803280e-03,2.954056832099e-05,1.024820359495e-02,1.187554925656e-04,2.516496172216e-02,5.311013172314e-04,4.635928219242e-02,1.546217181777e-03,7.348020039147e-02
0.508,6.534465094032e-05,1.929033955576e-03,4.321290815993e-05,1.021086574155e-02,2.122376905477e-04,2.495487129971e-02,9.403110605903e-04,4.563752923288e-02,2.730572061532e-03,7.164321146804e-02
0.510,6.443598011143e-05,1.932394741260e-03,5.946812072287e-05,1.016373065270e-02,3.322367143210e-04,2.468635422795e-02,1.461704266665e-03,4.472060568903e-02,4.230041410504e-03,6.932651949688e-02
0.512,6.353559889001e-05,1.935421846572e-03,7.829699583406e-05,1.010688703677e-02,4.783633502083e-04,2.436069364592e-02,2.091805737779e-03,4.361665005385e-02,6.027533395173e-03,6.656310212546e-02
0.514,6.264347926530e-05,1.938115077494e-03,9.968779250475e-05,1.004044241780e-02,6.501448429179e-04,2.397944551443e-02,2.826415402137e-03,4.233546094586e-02,8.102559191451e-03,6.339229611556e-02
0.516,6.175959297608e-05,1.940474359369e-03,1.236262516384e-04,9.964522934896e-03,8.470264041553e-04,2.354443117875e-02,3.660636321503e-03,4.088841013478e-02,1.043146652598e-02,5.985923713577e-02
0.518,6.088391151161e-05,1.942499736490e-03,1.500956112153e-04,9.879273105718e-03,1.068372983571e-03,2.305772866414e-02,4.588907346268e-03,3.928834161071e-02,1.298770927678e-02,5.601421765216e-02
0.520,6.001640611253e-05,1.944191371636e-03,1.790766239406e-04,9.784855554414e-03,1.313471296396e-03,2.252166274546e-02,5.605040199352e-03,3.754945758584e-02,1.574215004719e-02,5.191197067955e-02
0.522,5.915704777188e-05,1.945549545580e-03,2.105475773353e-04,9.681450704553e-03,1.581532101317e-03,2.193879383877e-02,6.702260741216e-03,3.568719243422e-02,1.866339231035e-02,4.761089082090e-02
0.524,5.830580723608e-05,1.946574656546e-03,2.444843162511e-04,9.569256437660e-03,1.871692721273e-03,2.131190576773e-02,7.873254142120e-03,3.371807569712e-02,2.171813823588e-02,4.317220311316e-02
0.526,5.746265500596e-05,1.947267219633e-03,2.808602677824e-04,9.448487718008e-03,2.183019799210e-03,2.064399246264e-02,9.110213658914e-03,3.165958536848e-02,2.487156827683e-02,3.865909118234e-02
0.528,5.662756133785e-05,1.947627866198e-03,3.196464685516e-04,9.319376184393e-03,2.514512279900e-03,1.993824365699e-02,1.040489269214e-02,2.952999276807e-02,2.808773805394e-02,3.413579831158e-02
0.530,5.580049624459e-05,1.947657343193e-03,3.608115943379e-04,9.182169709702e-03,2.865104608402e-03,1.919802964840e-02,1.174865977570e-02,2.734820036158e-02,3.132998802759e-02,2.966671263020e-02
0.532,5.498142949674e-05,1.947356512473e-03,4.043219920189e-04,9.037131929096e-03,3.233670134887e-03,1.842688519752e-02,1.313255613334e-02,2.513357397984e-02,3.456136136287e-02,2.531545060232e-02
0.534,5.417033062361e-05,1.946726350056e-03,4.501417137924e-04,8.884541737755e-03,3.619024714975e-03,1.762849264133e-02,1.454735541626e-02,2.290577094642e-02,3.774502527075e-02,2.114395138486e-02
0.536,5.336716891452e-05,1.945767945349e-03,4.982325536418e-04,8.724692759129e-03,4.019930494124e-03,1.680666430212e-02,1.598362522639e-02,2.068456557993e-02,4.084469069185e-02,1.721159543748e-02
0.538,5.257191341993e-05,1.944482500330e-03,5.485540860091e-04,8.557892784754e-03,4.435099863925e-03,1.596532427555e-02,1.743179001090e-02,1.848967369059e-02,4.382502604340e-02,1.357435884737e-02
0.540,5.178453295268e-05,1.942871328700e-03,6.010637066344e-04,8.384463186691e-03,4.863199577728e-03,1.510848968460e-02,1.888219491348e-02,1.634057758690e-02,4.665205996721e-02,1.028401696484e-02
0.542,5.100499608922e-05,1.940935854985e-03,6.557166755203e-04,8.204738303742e-03,5.302855012421e-03,1.424025148968e-02,2.032517015241e-02,1.425635314616e-02,4.929356842208e-02,7.387406887964e-03
0.544,5.023327117091e-05,1.938677613614e-03,7.124661619773e-04,8.019064802634e-03,5.752654562760e-03,1.336475494590e-02,2.175109549917e-02,1.225550050004e-02,5.171944209742e-02,4.925761238842e-03
0.546,4.946932630529e-05,1.936098247946e-03,7.712632917046e-04,7.827801015387e-03,6.211154154245e-03,1.248617980117e-02,2.315046442498e-02,1.035577983378e-02,5.390202958017e-02,2.934120881091e-03
0.548,4.871312936742e-05,1.933199509269e-03,8.320571958570e-04,7.631316254177e-03,6.676881860076e-03,1.160872032937e-02,2.451394748989e-02,8.574053740328e-03,5.581645261280e-02,1.440836221017e-03
0.550,4.796464800124e-05,1.929983255758e-03,8.947950620487e-04,7.429990104994e-03,7.148342607495e-03,1.073656529412e-02,2.583245454751e-02,6.926137565082e-03,5.744088943729e-02,4.671636884265e-04
0.552,4.722384962092e-05,1.926451451396e-03,9.594221872421e-04,7.224211701487e-03,7.624022958468e-03,9.873877938902e-03,2.709719536146e-02,5.426659012555e-03,5.875682377409e-02,2.696316790026e-05
0.554,4.649070141231e-05,1.922606164864e-03,1.025882032467e-03,7.014378980371e-03,8.102395949441e-03,9.024776099024e-03,2.829973821098e-02,4.088928326171e-03,5.974925587730e-02,1.265006185507e-04
0.556,4.576517033431e-05,1.918449568384e-03,1.094116279317e-03,6.800897919868e-03,8.581925974670e-03,8.193312530201e-03,2.943206611398e-02,2.924820144722e-03,6.040687331354e-02,7.643589188704e-04
0.558,4.504722312041e-05,1.913983936542e-03,1.164064888158e-03,6.584181762631e-03,9.061073697622e-03,7.383455548153e-03,3.048663028010e-02,1.944668103949e-03,6.072217995401e-02,1.931458067262e-03
0.560,4.433682628012e-05,1.909211645062e-03,1.235666158005e-03,6.364650224669e-03,9.538300974662e-03,6.599070070904e-03,3.145640044168e-02,1.157173120346e-03,6.069158176451e-02,3.611184431626e-03
0.562,4.363394610049e-05,1.904135169553e-03,1.308856787989e-03,6.142728691793e-03,1.001207577542e-02,5.843899155479e-03,3.233491172831e-02,5.693261623062e-04,6.031542717008e-02,5.779627138521e-03
0.564,4.293854864767e-05,1.898757084220e-03,1.383571940360e-03,5.918847405145e-03,1.048087708396e-02,5.121546115855e-03,3.311630776746e-02,1.863462012578e-04,5.959800371285e-02,8.405918670007e-03
0.566,4.225059976848e-05,1.893080060541e-03,1.459745304970e-03,5.693440637377e-03,1.094319976525e-02,4.435457308353e-03,3.379537973094e-02,1.163389018565e-05,5.854748865161e-02,1.145267377724e-02
0.568,4.157006509197e-05,1.887106865911e-03,1.537309165150e-03,5.466945861083e-03,1.139755938133e-02,3.788905667064e-03,3.436760105936e-02,4.674138209262e-05,5.717585610753e-02,1.487652263230e-02
0.570,4.089691003109e-05,1.880840362254e-03,1.616194464938e-03,5.239802911077e-03,1.184249694179e-02,3.184975066770e-03,3.482915763912e-02,2.913585548569e-04,5.549874048282e-02,1.862872659001e-02
0.572,4.023109978430e-05,1.874283504601e-03,1.696330877576e-03,5.012453142149e-03,1.227658357340e-02,2.626545588681e-03,3.517697322851e-02,7.433157667361e-04,5.353525820655e-02,2.265587386400e-02
0.574,3.957259933727e-05,1.867439339637e-03,1.777646875203e-03,4.785338583923e-03,1.269842509401e-02,2.116279760021e-03,3.540872995704e-02,1.398603116622e-03,5.130778986333e-02,2.690063830818e-02
0.576,3.892137346456e-05,1.860311004217e-03,1.860069799692e-03,4.558901094442e-03,1.310666647602e-02,1.656609831881e-03,3.552288377819e-02,2.251406032560e-03,4.884172519774e-02,3.130259593370e-02
0.578,3.827738673138e-05,1.852901723854e-03,1.943525934538e-03,4.333581514134e-03,1.349999618529e-02,1.249726157096e-03,3.551867474707e-02,3.294156896705e-03,4.616517345925e-02,3.579908614339e-02
0.580,3.764060349531e-05,1.845214811168e-03,2.027940577738e-03,4.109818821769e-03,1.387715038157e-02,8.975667232999e-04,3.539613208585e-02,4.517602196224e-03,4.330864337230e-02,4.032610106695e-02
0.582,3.701098790813e-05,1.837253664317e-03,2.113238115586e-03,3.888049294052e-03,1.423691696701e-02,6.018078910273e-04,3.515607397076e-02,5.910884683196e-03,4.030469514367e-02,4.481919993902e-02
0.584,3.638850391756e-05,1.829021765390e-03,2.199342097309e-03,3.668705670483e-03,1.457813946989e-02,3.638563816339e-04,3.480010206599e-02,7.461639726183e-03,3.718756920491e-02,4.921442304953e-02
0.586,3.577311526919e-05,1.820522678778e-03,2.286175310463e-03,3.452216325070e-03,1.489972075117e-02,1.848425526425e-04,3.433059082905e-02,9.156105055893e-03,3.399279648073e-02,5.344920530187e-02
0.588,3.516478550825e-05,1.811760049508e-03,2.373659857023e-03,3.239004446517e-03,1.520062652191e-02,6.561499314276e-05,3.375067166801e-02,1.097924295100e-02,3.075679259576e-02,5.746326532441e-02
0.590,3.456347798156e-05,1.802737601561e-03,2.461717230083e-03,3.029487228467e-03,1.547988866049e-02,6.736465039581e-06,3.306421204328e-02,1.291487367079e-02,2.751644356264e-02,6.119946264887e-02
0.592,3.396915583945e-05,1.793459136155e-03,2.550268391092e-03,2.824075071344e-03,1.573660831897e-02,8.481209236238e-06,3.227578966281e-02,1.494581909043e-02,2.430868489514e-02,6.460461349692e-02
0.594,3.338178203765e-05,1.783928530007e-03,2.639233847542e-03,2.623170797360e-03,1.596995880867e-02,7.083363006616e-05,3.139066194351e-02,1.705405517267e-02,2.117008074419e-02,6.763024536834e-02
0.596,3.280131933933e-05,1.774149733562e-03,2.728533731041e-03,2.427168880178e-03,1.617918825565e-02,1.934883640084e-04,3.041473093780e-02,1.922087192355e-02,1.813640712462e-02,7.023328816654e-02
0.598,3.222773031705e-05,1.764126769209e-03,2.818087875682e-03,2.236454690730e-03,1.636362201795e-02,3.758517325963e-04,2.935450395523e-02,2.142703950425e-02,1.524224409841e-02,7.237668775365e-02
0.600,3.166097735479e-05,1.753863729460e-03,2.907815896634e-03,2.051403760637e-03,1.652266485657e-02,6.170445723860e-04,2.821705016008e-02,2.365297887515e-02,1.252058176391e-02,7.402993398101e-02
0.602,3.110102265003e-05,1.743364775117e-03,2.997637268873e-03,1.872381064658e-03,1.665580285319e-02,9.159064288235e-04,2.700995340994e-02,2.587893555830e-02,1.000244392499e-02,7.516949180099e-02
0.604,3.054782821580e-05,1.732634133404e-03,3.087471405979e-03,1.699740323541e-03,1.676260506893e-02,1.271001093797e-03,2.574126166682e-02,2.808515505179e-02,7.716534925893e-03,7.577914001718e-02
0.606,3.000135588279e-05,1.721676096092e-03,3.177237738910e-03,1.533823328620e-03,1.684272493852e-02,1.680623460436e-03,2.441943331050e-02,3.025205805855e-02,5.688911998376e-03,7.585019885794e-02
0.608,2.946156730151e-05,1.710495017586e-03,3.266855794689e-03,1.374959289468e-03,1.689590139544e-02,2.142807662883e-03,2.305328071764e-02,3.236041434078e-02,3.942688520977e-03,7.538165775165e-02
0.610,2.892842394438e-05,1.699095313003e-03,3.356245274901e-03,1.223464205843e-03,1.692195972462e-02,2.655336461795e-03,2.165191147789e-02,3.439151340304e-02,2.497770700503e-03,7.438018484638e-02
0.612,2.840188710801e-05,1.687481456227e-03,3.445326133953e-03,1.079640265153e-03,1.692081213994e-02,3.215751830667e-03,2.022466763678e-02,3.632733046686e-02,1.370630242019e-03,7.286003603612e-02
0.614,2.788191791532e-05,1.675657977939e-03,3.534018656983e-03,9.437752665908e-04,1.689245808458e-02,3.821366693379e-03,1.878106338903e-02,3.815068658664e-02,5.741171084987e-04,7.084285120556e-02
0.616,2.736847731783e-05,1.663629463641e-03,3.622243537370e-03,8.161420730323e-04,1.683698425332e-02,4.469277755932e-03,1.733072159803e-02,3.984540096703e-02,1.173126713326e-04,6.835734271612e-02
0.618,2.686152609794e-05,1.651400551645e-03,3.709921953744e-03,6.969980917763e-04,1.675456433695e-02,5.156379371843e-03,1.588330961434e-02,4.139643467783e-02,5.426418962545e-06,6.543889205264e-02
0.620,2.636102487115e-05,1.638975931060e-03,3.796975646440e-03,5.865847850960e-04,1.664545848917e-02,5.879378374363e-03,1.444847479054e-02,4.279002414597e-02,2.397365151947e-04,6.212904245776e-02
0.622,2.586693408846e-05,1.626360339753e-03,3.883326993293e-03,4.851272115553e-04,1.651001251810e-02,6.634809806312e-03,1.303578011663e-02,4.401380313893e-02,8.175752199315e-04,5.847491004769e-02
0.624,2.537921403866e-05,1.613558562302e-03,3.968899084722e-03,3.928335989599e-04,1.634865680488e-02,7.419053470094e-03,1.165464043068e-02,4.505691270396e-02,1.732359314287e-03,5.452851042895e-02
0.626,2.489782485073e-05,1.600575427924e-03,4.053615798014e-03,3.098949497656e-04,1.616190495276e-02,8.228351221095e-03,1.031425961571e-02,4.591009737809e-02,2.973665206510e-03,5.034602048090e-02
0.628,2.442272649620e-05,1.587415808399e-03,4.137401870737e-03,2.364846796921e-04,1.595035217085e-02,9.058824921152e-03,9.023569202354e-03,4.656578743334e-02,4.527347567008e-03,4.598697456233e-02
0.630,2.395387879163e-05,1.574084615974e-03,4.220182973206e-03,1.727582902296e-04,1.571467339823e-02,9.906494965593e-03,7.791168774554e-03,4.701816599070e-02,6.375700894870e-03,4.151342779851e-02
0.632,2.349124140102e-05,1.560586801259e-03,4.301885779932e-03,1.188530756659e-04,1.545562117391e-02,1.076729929753e-02,6.625268608799e-03,4.726322062565e-02,8.497660903431e-03,3.698905862933e-02
0.634,2.303477383830e-05,1.546927351105e-03,4.382438039976e-03,7.488786518612e-05,1.517402325948e-02,1.163711281612e-02,5.533634900018e-03,4.729877893893e-02,1.086904503187e-02,3.247827479705e-02
0.636,2.258443546980e-05,1.533111286479e-03,4.461768646152e-03,4.096280052777e-05,1.487078002252e-02,1.251176708864e-02,4.523537941887e-03,4.712452781278e-02,1.346282763988e-02,2.804528065497e-02
0.638,2.214018551686e-05,1.519143660319e-03,4.539807702984e-03,1.715914961771e-05,1.454686158852e-02,1.338707027105e-02,3.601703622270e-03,4.674201620023e-02,1.624944877566e-02,2.375318727971e-02
0.640,2.170198305829e-05,1.505029555393e-03,4.616486593376e-03,3.539156531395e-06,1.420330477099e-02,1.425882714075e-02,2.774268552905e-03,4.615464129809e-02,1.919715009744e-02,1.966309175035e-02
0.642,2.126978703303e-05,1.490774082133e-03,4.691738043907e-03,1.459280530090e-07,1.384120978903e-02,1.512285915001e-02,2.046739115829e-03,4.536761830382e-02,2.227233798169e-02,1.583321519075e-02
0.644,2.084355624269e-05,1.476382376475e-03,4.765496188697e-03,7.003357044331e-06,1.346173678331e-02,1.597502439874e-02,1.423954719384e-03,4.438793427901e-02,2.543996537215e-02,1.231807842702e-02
0.646,2.042324935426e-05,1.461859597687e-03,4.837696631773e-03,2.411608275359e-05,1.306610214133e-02,1.681123743799e-02,9.100555089053e-04,4.322428589443e-02,2.866393186622e-02,9.167720806073e-03
0.648,2.000882490269e-05,1.447210926185e-03,4.908276507876e-03,5.146948812813e-05,1.265557464378e-02,1.762748880230e-02,5.084547268124e-04,4.188700223218e-02,3.190749536348e-02,6.426991046542e-03
0.650,1.960024129364e-05,1.432441561357e-03,4.977174541651e-03,8.902973411941e-05,1.223147144440e-02,1.841986418343e-02,2.218159340493e-04,4.038795311427e-02,3.513369000844e-02,4.134905527268e-03
0.652,1.919745680618e-05,1.417556719367e-03,5.044331105144e-03,1.367438309014e-04,1.179515389590e-02,1.918456315397e-02,5.203522123571e-05,3.874044367070e-02,3.830574909590e-02,2.324094631086e-03
0.654,1.880042959548e-05,1.402561630971e-03,5.109688273570e-03,1.945397458434e-04,1.134802323567e-02,1.991791734517e-02,2.285439390129e-07,3.695909621656e-02,4.138752122743e-02,1.020338716010e-03
0.656,1.840911769564e-05,1.387461539314e-03,5.173189879286e-03,2.623265480170e-04,1.089151614474e-02,2.061640800068e-02,6.672426065884e-05,3.505972033018e-02,4.434388643068e-02,2.422005645495e-04
0.658,1.802347902247e-05,1.372261697740e-03,5.234781563904e-03,3.399945889381e-04,1.042710019436e-02,2.127668281690e-02,2.510609221230e-04,3.305917256090e-02,4.714115300120e-02,7.614689625993e-07
0.660,1.764347137625e-05,1.356967367591e-03,5.294410828509e-03,4.274157191767e-04,9.956269194585e-03,2.189557199135e-02,5.519903305980e-04,3.097520678695e-02,4.974744289151e-02,2.994628889363e-04
0.662,1.726905244463e-05,1.341583816008e-03,5.352027081923e-03,5.244435403998e-04,9.480538459904e-03,2.247010340393e-02,9.674858477711e-04,2.882631636918e-02,5.213305508947e-02,1.134057926237e-03
0.664,1.690017980551e-05,1.326116313738e-03,5.407581686965e-03,6.309136923375e-04,9.001440006875e-03,2.299751685356e-02,1.494755889790e-03,2.663157014892e-02,5.427080349666e-02,2.492672659160e-03
0.666,1.653681092987e-05,1.310570132931e-03,5.461028004662e-03,7.466441741007e-04,8.520517699156e-03,2.347527729150e-02,2.130262533090e-03,2.441044304457e-02,5.613632881441e-02,4.355972165722e-03
0.668,1.617890318474e-05,1.294950544954e-03,5.512321436366e-03,8.714356992143e-04,8.039322355385e-03,2.390108697689e-02,2.869745099225e-03,2.218264316495e-02,5.770837160212e-02,6.697442390084e-03
0.670,1.582641383614e-05,1.279262818192e-03,5.561419463736e-03,1.005072083646e-03,7.559406835652e-03,2.427289650769e-02,3.708248551749e-03,1.996793673760e-02,5.896902040935e-02,9.483754551002e-03
0.672,1.547930005205e-05,1.263512215871e-03,5.608281686544e-03,1.147320666074e-03,7.082321122003e-03,2.458891466478e-02,4.640156533667e-03,1.778597269126e-02,5.990391153340e-02,1.267525956731e-02
0.674,1.513751890538e-05,1.247703993867e-03,5.652869858263e-03,1.297932759556e-03,6.609607408874e-03,2.484761702972e-02,5.659228824108e-03,1.565610806410e-02,6.050239430587e-02,1.622652926320e-02
0.676,1.480102737704e-05,1.231843398536e-03,5.695147919406e-03,1.456644133695e-03,6.142795219184e-03,2.504775333093e-02,6.758642943351e-03,1.359723620126e-02,6.075765243321e-02,2.008702453580e-02
0.678,1.446978235895e-05,1.215935664542e-03,5.735082028580e-03,1.623175526364e-03,5.683396561272e-03,2.518835348409e-02,7.931039663320e-03,1.162761904593e-02,6.066678089739e-02,2.420179918273e-02
0.680,1.414374065714e-05,1.199986012696e-03,5.772640591225e-03,1.797233183963e-03,5.232901142466e-03,2.526873229968e-02,9.168572076337e-03,9.764724818975e-03,6.023082075058e-02,2.851229147395e-02
0.682,1.382285899484e-05,1.183999647801e-03,5.807794286007e-03,1.978509429150e-03,4.792771654589e-03,2.528849283112e-02,1.046295794051e-02,8.025072909357e-03,5.945474534859e-02,3.295714635299e-02
0.684,1.350709401560e-05,1.167981756511e-03,5.840516088836e-03,2.166683254915e-03,4.364439146061e-03,2.524752835807e-02,1.180553493554e-02,6.424087452443e-03,5.834740298905e-02,3.747310599061e-02
0.686,1.319640228645e-05,1.151937505191e-03,5.870781294493e-03,2.361420943846e-03,3.949298495740e-03,2.514602297295e-02,1.318731844415e-02,4.975959819930e-03,5.692141783641e-02,4.199590016583e-02
0.688,1.289074030107e-05,1.135872037800e-03,5.898567535839e-03,2.562376711329e-03,3.548704002514e-03,2.498445080083e-02,1.459906147701e-02,3.693523162373e-03,5.519304668830e-02,4.646115474630e-02
0.690,1.259006448299e-05,1.119790473774e-03,5.923854800577e-03,2.769193371454e-03,3.163965105191e-03,2.476357382595e-02,1.603131639948e-02,2.588137990881e-03,5.318199082489e-02,5.080531444783e-02
0.692,1.229433118884e-05,1.103697905928e-03,5.946625445574e-03,2.981503024278e-03,2.796342245743e-03,2.448443835373e-02,1.747449794427e-02,1.669591556777e-03,5.091117193861e-02,5.496655525245e-02
0.694,1.200349671156e-05,1.087599398374e-03,5.966864208698e-03,3.198927763126e-03,2.447042889495e-03,2.414837011569e-02,1.891894719230e-02,9.460106714831e-04,4.840647485916e-02,5.888565605624e-02
0.696,1.171751728371e-05,1.071499984445e-03,5.984558218190e-03,3.421080400502e-03,2.117217714645e-03,2.375696804630e-02,2.035499603854e-02,4.237896995809e-04,4.569644428544e-02,6.250684770648e-02
0.698,1.143634908078e-05,1.055404664641e-03,5.999696999535e-03,3.647565211198e-03,1.807956983496e-03,2.331209676334e-02,2.177303170227e-02,1.075336418864e-04,4.281196592614e-02,6.577858970293e-02
0.700,1.115994822447e-05,1.039318404589e-03,6.012272479835e-03,3.877978691146e-03,1.520287106532e-03,2.281587777414e-02,2.316356092964e-02,1.717757351100e-08,3.978591360762e-02,6.865427753619e-02
0.702,1.088827078610e-05,1.023246133022e-03,6.022278989688e-03,4.111910330489e-03,1.255167410575e-03,2.227067947374e-02,2.451727333531e-02,1.021600509995e-04,3.665277068845e-02,7.109306907603e-02
0.704,1.062127278995e-05,1.007192739767e-03,6.029713262558e-03,4.348943399391e-03,1.013487121185e-03,2.167910595194e-02,2.582510362694e-02,4.130187989333e-04,3.344824476413e-02,7.306020086846e-02
0.706,1.035891021668e-05,9.911630737666e-04,6.034574431639e-03,4.588655744995e-03,7.960625686537e-04,2.104398469340e-02,2.707829209438e-02,9.297950854429e-04,3.020884539746e-02,7.452769966098e-02
0.708,1.010113900675e-05,9.751619411056e-04,6.036864024228e-03,4.830620597990e-03,6.036346268050e-04,2.036835321141e-02,2.826844315553e-02,1.647860531134e-03,2.697148658286e-02,7.547470886695e-02
0.710,9.847915063871e-06,9.591941030663e-04,6.036585953601e-03,5.074407387172e-03,4.368663922830e-04,1.965544467902e-02,2.938758145790e-02,2.560797677376e-03,2.377305430965e-02,7.588771498313e-02
0.712,9.599194258504e-06,9.432642742022e-04,6.033746508396e-03,5.319582560446e-03,2.963411119653e-04,1.890867263192e-02,3.042820517977e-02,3.660456948318e-03,2.064998348943e-02,7.576084162531e-02
0.714,9.354932431327e-06,9.273771204340e-04,6.028354339531e-03,5.565710410606e-03,1.825603647428e-04,1.813161481897e-02,3.138333622480e-02,4.937029066626e-03,1.763785690557e-02,7.509596660587e-02
0.716,9.115085396788e-06,9.115372571679e-04,6.020420444660e-03,5.812353904225e-03,9.594250366342e-05,1.732799627042e-02,3.224656676855e-02,6.379132007039e-03,1.477097951625e-02,7.390250557319e-02
0.718,8.879608946647e-06,8.957492474382e-04,6.009958150182e-03,6.059075512186e-03,3.682136296402e-05,1.650167166511e-02,3.301210239396e-02,7.973911987521e-03,1.208200560970e-02,7.219747703887e-02
0.720,8.648458853553e-06,8.800176000740e-04,5.996983090818e-03,6.305438040013e-03,5.445234254701e-06,1.565660708233e-02,3.367480063903e-02,9.707157744824e-03,9.601554100201e-03,7.000511115715e-02
0.722,8.421590874650e-06,8.643467678907e-04,5.981513186796e-03,6.551005456517e-03,1.976114894203e-06,1.479686123033e-02,3.423020562189e-02,1.156342631545e-02,7.357865066337e-03,6.735671116446e-02
0.724,8.198960755194e-06,8.487411459083e-04,5.963568618643e-03,6.795343719048e-03,2.648923080068e-05,1.392656623781e-02,3.467457792251e-02,1.352618063169e-02,5.376478015679e-03,6.428987985032e-02
0.726,7.980524232210e-06,8.332050695956e-04,5.943171799626e-03,7.038021593768e-03,7.897283513159e-05,1.304990808332e-02,3.500491972846e-02,1.557793603624e-02,3.679934903228e-03,6.084832232645e-02
0.728,7.766237038162e-06,8.177428131429e-04,5.920347345865e-03,7.278611469315e-03,1.593282832900e-04,1.217110680027e-02,3.521899507005e-02,1.770041558516e-02,2.287531111967e-03,5.708101999708e-02
0.730,7.556054904652e-06,8.023585877626e-04,5.895122044152e-03,7.516690162215e-03,2.673703838895e-04,1.129439648954e-02,3.531534491961e-02,1.987471255131e-02,1.215088218642e-03,5.304158052870e-02
0.732,7.349933566147e-06,7.870565400187e-04,5.867524817501e-03,7.751839712555e-03,4.028280243366e-04,1.042400529180e-02,3.529329717196e-02,2.208145816207e-02,4.747793281303e-04,4.878749906916e-02
0.734,7.147828763720e-06,7.718407501870e-04,5.837586688476e-03,7.983648168236e-03,5.653450690148e-04,9.564135387872e-03,3.515297147685e-02,2.430099321567e-02,7.498501554522e-05,4.437932380897e-02
0.736,6.949696248827e-06,7.567152306454e-04,5.805340740333e-03,8.211710356330e-03,7.544815268187e-04,8.718943116589e-03,3.489527863551e-02,2.651354390234e-02,2.020081285324e-05,3.987976684971e-02
0.738,6.755491787097e-06,7.416839242962e-04,5.770822076001e-03,8.435628640019e-03,9.697149842007e-04,7.892519318829e-03,3.452191487990e-02,2.869939635118e-02,3.109856730729e-04,3.535288415702e-02
0.740,6.565171162158e-06,7.267507030197e-04,5.734067774971e-03,8.655013659538e-03,1.210442299252e-03,7.088870009490e-03,3.403535090872e-02,3.083907165695e-02,9.439537910222e-04,3.086308503812e-02
0.742,6.378690179475e-06,7.119193661623e-04,5.695116848114e-03,8.869485055816e-03,1.475981550516e-03,6.311897430765e-03,3.343881559333e-02,3.291350074392e-02,1.911814857485e-03,2.647422624351e-02
0.744,6.196004670221e-06,6.971936390568e-04,5.654010190485e-03,9.078672175258e-03,1.765574235161e-03,5.565381626180e-03,3.273627502224e-02,3.490419164332e-02,3.203455890614e-03,2.224878538380e-02
0.746,6.017070495165e-06,6.825771715781e-04,5.610790532171e-03,9.282214754266e-03,2.078387707920e-03,4.852962593955e-03,3.193240618719e-02,3.679339505092e-02,4.804068370856e-03,1.824682764971e-02
0.748,5.841843548592e-06,6.680735367340e-04,5.565502387212e-03,9.479763582326e-03,2.413517854242e-03,4.178123097344e-03,3.103256638260e-02,3.856426253168e-02,6.695317210385e-03,1.452528289533e-02
0.750,5.670279762239e-06,6.536862292915e-04,5.518192000672e-03,9.670981142068e-03,2.769991988028e-03,3.544172247495e-03,3.004275776067e-02,4.020099486630e-02,8.855547128609e-03,1.113714150394e-02
0.752,5.502335109260e-06,6.394186644402e-04,5.468907293899e-03,9.855542225312e-03,3.146771964141e-03,2.954229898462e-03,2.896958766548e-02,4.168898481759e-02,1.126003605231e-02,8.130480895619e-03
0.754,5.337965608209e-06,6.252741764925e-04,5.417697808042e-03,1.003313452372e-02,3.542757497002e-03,2.411211952866e-03,2.782022526198e-02,4.301494504224e-02,1.388126994078e-02,5.548066710229e-03
0.756,5.177127327054e-06,6.112560176225e-04,5.364614645872e-03,1.020345919290e-02,3.956789672422e-03,1.917816645260e-03,2.660235387118e-02,4.416702815065e-02,1.668925735549e-02,3.426588703213e-03
0.758,5.019776387209e-06,5.973673566432e-04,5.309710411987e-03,1.036623138892e-02,4.387654643076e-03,1.476511854372e-03,2.532412041236e-02,4.513493050835e-02,1.965187611430e-02,1.796174075033e-03
0.760,4.865868967594e-06,5.836112778228e-04,5.253039151443e-03,1.052118077611e-02,4.834087494073e-03,1.089523519840e-03,2.399408146656e-02,4.590998690287e-02,2.273524137029e-02,6.799370147016e-04
0.762,4.715361308710e-06,5.699907797418e-04,5.194656286888e-03,1.066805200512e-02,5.294776267802e-03,7.588252111709e-04,2.262114679367e-02,4.648524593220e-02,2.590406973716e-02,9.366820137256e-05
0.764,4.568209716749e-06,5.565087741903e-04,5.134618554268e-03,1.080660516042e-02,5.768366131933e-03,4.861288969877e-04,2.121452028200e-02,4.685553087714e-02,2.912212065292e-02,4.559975612008e-05
0.766,4.424370567719e-06,5.431680851066e-04,5.072983937161e-03,1.093661617614e-02,6.253463681152e-03,2.728769636871e-04,1.978363937758e-02,4.701749183586e-02,3.235257597308e-02,5.363026246418e-04
0.768,4.283800311594e-06,5.299714475579e-04,5.009811599820e-03,1.105787721966e-02,6.748641354295e-03,1.202355107757e-04,1.833811238719e-02,4.696962789748e-02,3.555847720139e-02,1.558667994426e-03
0.770,4.146455476491e-06,5.169215067642e-04,4.945161818993e-03,1.117019704206e-02,7.252441956310e-03,2.908896813170e-05,1.688765527048e-02,4.671231128741e-02,3.870313126150e-02,3.098034432876e-03
0.772,4.012292672863e-06,5.040208171644e-04,4.879095914585e-03,1.127340129467e-02,7.763383267596e-03,3.604686648817e-08,1.544202706985e-02,4.624777368637e-02,4.175056160640e-02,5.132307244200e-03
0.774,3.881268597724e-06,4.912718415271e-04,4.811676179253e-03,1.136733281127e-02,8.279962726428e-03,3.338705038280e-05,1.401096586468e-02,4.558009595196e-02,4.466587317569e-02,7.632353114860e-03
0.776,3.753340038888e-06,4.786769501055e-04,4.742965806988e-03,1.145185185528e-02,8.800662170794e-03,1.291625548787e-04,1.260412404951e-02,4.471517154750e-02,4.741570982619e-02,1.056247629646e-02
0.778,3.628463879237e-06,4.662384198374e-04,4.673028820782e-03,1.152683633132e-02,9.323952621442e-03,2.870934648817e-04,1.123100478158e-02,4.366064965333e-02,4.996854554770e-02,1.388080844269e-02
0.780,3.506597101013e-06,4.539584335910e-04,4.601929999438e-03,1.159218196115e-02,9.848299093386e-03,5.066224430822e-04,9.900899267494e-03,4.242587210864e-02,5.229516510597e-02,1.753984598687e-02
0.782,3.387696790125e-06,4.418390794566e-04,4.529734803618e-03,1.164780242294e-02,1.037216541749e-02,7.869067054880e-04,8.622825266034e-03,4.102179422517e-02,5.436887755514e-02,2.148734283321e-02
0.784,3.271720140487e-06,4.298823500853e-04,4.456509301202e-03,1.169362945437e-02,1.089401905964e-02,1.126822168993e-03,7.405467700695e-03,3.946088422117e-02,5.616589409133e-02,2.566695476782e-02
0.786,3.158624458375e-06,4.180901420750e-04,4.382320092036e-03,1.172961291872e-02,1.141233591775e-02,1.524968932293e-03,6.257121459719e-03,3.775701461216e-02,5.766560960775e-02,3.001891308252e-02
0.788,3.048367166808e-06,4.064642554042e-04,4.307234232157e-03,1.175572083427e-02,1.192560508513e-02,1.979678054950e-03,5.185636579943e-03,3.592534109554e-02,5.885076494572e-02,3.448096922661e-02
0.790,2.940905809949e-06,3.950063929140e-04,4.231319157572e-03,1.177193936659e-02,1.243233356206e-02,2.489019609188e-03,4.198366703607e-03,3.398217080584e-02,5.970773126563e-02,3.898951229424e-02
0.792,2.836198057532e-06,3.837181598394e-04,4.154642607687e-03,1.177827278404e-02,1.293105090094e-02,3.050811969739e-03,3.302120591054e-03,3.194481434497e-02,6.022660776985e-02,4.348016936987e-02
0.794,2.734201709311e-06,3.726010633895e-04,4.077272548444e-03,1.177474337640e-02,1.342031376976e-02,3.662632273361e-03,2.503117380045e-03,2.983143956995e-02,6.040133860323e-02,4.788862008210e-02
0.796,2.634874699528e-06,3.616565123781e-04,3.999277095287e-03,1.176139133678e-02,1.389871041991e-02,4.321828022890e-03,1.806945803634e-03,2.766090515902e-02,6.022984047051e-02,5.215208028790e-02
0.798,2.538175101407e-06,3.508858169042e-04,3.920724436007e-03,1.173827460717e-02,1.436486504182e-02,5.025529773972e-03,1.218527608807e-03,2.545259994288e-02,5.971397591352e-02,5.620942837919e-02
0.800,2.444061131668e-06,3.402901880839e-04,3.841682753578e-03,1.170546868785e-02,1.481744199684e-02,5.770664815620e-03,7.420852152919e-04,2.322626898571e-02,5.885952522988e-02,6.000266222077e-02
0.802,2.352491155066e-06,3.298707378328e-04,3.762220149057e-03,1.166306641102e-02,1.525514990918e-02,6.553971820690e-03,3.811143241109e-04,2.100184219986e-02,5.767615734953e-02,6.347733462515e-02
0.804,2.263423688951e-06,3.196284787010e-04,3.682404564630e-03,1.161117767918e-02,1.567674560541e-02,7.372016370278e-03,1.383611509239e-04,1.879925872453e-02,5.617730835861e-02,6.658401752046e-02
0.806,2.176817407846e-06,3.095643237597e-04,3.602303706919e-03,1.154992916882e-02,1.608103789023e-02,8.221207258228e-03,1.580470169293e-05,1.663828964084e-02,5.438002053831e-02,6.927804466848e-02
0.808,2.092631148055e-06,2.996790865406e-04,3.521984970591e-03,1.147946399982e-02,1.646689114267e-02,9.097813550824e-03,1.464415867744e-05,1.453836434847e-02,5.230479156129e-02,7.152124596161e-02
0.810,2.010823912287e-06,2.899734810287e-04,3.441515362400e-03,1.139994137150e-02,1.683322872511e-02,9.997982263036e-03,1.352914057861e-04,1.251840350131e-02,4.997525220822e-02,7.328049800798e-02
0.812,1.931354874302e-06,2.804481217078e-04,3.360961425721e-03,1.131153616586e-02,1.717903618924e-02,1.091775658632e-02,3.773688030384e-04,1.059664864526e-02,4.741802169682e-02,7.453152863359e-02
0.814,1.854183383583e-06,2.711035236602e-04,3.280389165681e-03,1.121443851880e-02,1.750336427473e-02,1.185309460275e-02,7.397121775070e-04,8.790503679446e-03,4.466232970341e-02,7.525587478384e-02
0.816,1.779268970027e-06,2.619401027208e-04,3.199863974955e-03,1.110885336047e-02,1.780533168514e-02,1.279988834352e-02,1.220379047762e-03,7.116380620918e-03,4.173965616856e-02,7.544312125487e-02
0.818,1.706571348657e-06,2.529581756856e-04,3.119450560335e-03,1.099499992528e-02,1.808412763225e-02,1.375398315351e-02,1.816661870660e-03,5.589560129991e-03,3.868348552768e-02,7.509003603462e-02
0.820,1.636050424357e-06,2.441579605747e-04,3.039212870137e-03,1.087311123287e-02,1.833901414687e-02,1.471119722903e-02,2.525106600248e-03,4.224052251357e-03,3.552886050862e-02,7.420203984749e-02
0.822,1.567666296630e-06,2.355395769514e-04,2.959214022556e-03,1.074343354098e-02,1.856932813935e-02,1.566734124481e-02,3.341536024511e-03,3.032476714593e-03,3.231191827776e-02,7.279110958793e-02
0.824,1.501379264374e-06,2.271030462961e-04,2.879516235026e-03,1.060622577140e-02,1.877448321119e-02,1.661823799636e-02,4.261077509073e-03,2.025951803763e-03,2.906960589421e-02,7.087724950896e-02
0.826,1.437149830684e-06,2.188482924367e-04,2.800180754703e-03,1.046175891008e-02,1.895397120631e-02,1.755974190190e-02,5.278196250957e-03,1.213999480414e-03,2.583922096002e-02,6.848859106353e-02
0.828,1.374938707670e-06,2.107751420347e-04,2.721267790123e-03,1.031031538268e-02,1.910736349891e-02,1.848775838362e-02,6.386731881319e-03,6.044582903349e-04,2.265795951434e-02,6.565750922710e-02
0.830,1.314706821301e-06,2.028833251283e-04,2.642836444139e-03,1.015218840701e-02,1.923431201522e-02,1.939826285965e-02,7.579939473167e-03,2.034192544881e-04,1.956253539386e-02,6.242564839842e-02
0.832,1.256415316271e-06,1.951724757320e-04,2.564944648227e-03,9.987681323268e-03,1.933454998179e-02,2.028731948033e-02,8.850534833411e-03,1.517245271882e-05,1.658870544386e-02,5.883834936802e-02
0.834,1.200025560878e-06,1.876421324934e-04,2.487649098212e-03,9.817106904052e-03,1.940789240283e-02,2.115109923123e-02,1.019074302319e-02,4.216980561719e-05,1.377095091119e-02,5.494745338723e-02
0.836,1.145499151938e-06,1.802917394071e-04,2.411005191534e-03,9.640786645014e-03,1.945423626015e-02,2.198589766055e-02,1.159234943698e-02,2.850052110465e-04,1.114202048842e-02,5.080771689184e-02
0.838,1.092797919706e-06,1.731206465866e-04,2.335066966105e-03,9.459050038026e-03,1.947356044005e-02,2.278815180496e-02,1.304675459139e-02,7.424105975602e-04,8.732597026977e-03,4.647859467797e-02
0.840,1.041883932827e-06,1.661281110939e-04,2.259887040856e-03,9.272233828172e-03,1.946592538044e-02,2.355445647663e-02,1.454503115881e-02,1.411268558948e-03,6.570949034137e-03,4.202263379098e-02
0.842,9.927195033070e-07,1.593132978264e-04,2.185516558041e-03,9.080681256219e-03,1.943147244975e-02,2.428157970623e-02,1.607798278048e-02,2.286640658516e-03,4.682573716089e-03,3.750339119642e-02
0.844,9.452671915004e-07,1.526752804636e-04,2.112005127380e-03,8.884741288108e-03,1.937042304683e-02,2.496647731750e-02,1.763620468210e-02,3.361813190841e-03,3.089981126184e-03,3.298534185716e-02
0.846,8.994898111235e-07,1.462130424706e-04,2.039400772121e-03,8.684767833130e-03,1.928307743830e-02,2.560630652263e-02,1.921014561650e-02,4.628357096198e-03,1.812354324235e-03,2.853432391182e-02
0.848,8.553504342864e-07,1.399254781613e-04,1.967749877092e-03,8.481118952352e-03,1.916981332466e-02,2.619843856898e-02,2.079017088595e-02,6.076201861321e-03,8.654502552633e-04,2.421298108054e-02
0.850,8.128123965459e-07,1.338113938200e-04,1.897097138815e-03,8.274156059152e-03,1.903108414894e-02,2.674047013717e-02,2.236662519244e-02,7.693731689381e-03,2.612752101125e-04,2.008502689876e-02
0.852,7.718393019791e-07,1.278695088826e-04,1.827485517762e-03,8.064243113374e-03,1.886741715182e-02,2.723023386962e-02,2.392989580551e-02,9.467877051250e-03,8.096348000047e-06,1.620985947219e-02
0.854,7.323950282784e-07,1.220984571756e-04,1.758956192816e-03,7.851745811025e-03,1.867941117256e-02,2.766580737717e-02,2.547047557109e-02,1.138424444451e-02,1.102612430362e-04,1.264345799472e-02
0.856,6.944437318663e-07,1.164967882161e-04,1.691548518018e-03,7.637030771043e-03,1.846773421627e-02,2.804552134989e-02,2.697902441974e-02,1.342723246348e-02,5.681869498991e-04,9.437972030516e-03
0.858,6.579498530310e-07,1.110629685700e-04,1.625299981655e-03,7.420464721130e-03,1.823312078186e-02,2.836796609719e-02,2.844643024551e-02,1.558017522924e-02,1.378347553517e-03,6.640817899843e-03
0.860,6.228781210829e-07,1.057953832703e-04,1.560246167765e-03,7.202413684277e-03,1.797636897124e-02,2.863199701314e-02,2.986386811560e-02,1.782549138741e-02,2.533319813671e-03,4.293405553325e-03
0.862,5.891935595309e-07,1.006923372949e-04,1.496420720126e-03,6.983242167790e-03,1.769833738125e-02,2.883673854885e-02,3.122285503384e-02,2.014483652962e-02,4.021852999200e-03,2.430621844549e-03
0.864,5.568614912798e-07,9.575205710414e-05,1.433855308783e-03,6.763312356689e-03,1.739994179050e-02,2.898158695298e-02,3.251530740401e-02,2.251925701574e-02,5.829041311418e-03,1.081058051433e-03
0.866,5.258475438473e-07,9.097269223835e-05,1.372579599187e-03,6.542983313244e-03,1.708215165885e-02,2.906621148370e-02,3.373358956685e-02,2.492938161464e-02,7.936480092242e-03,2.662725493145e-04
0.868,4.961176546019e-07,8.635231697532e-05,1.312621223991e-03,6.322610184279e-03,1.674598644060e-02,2.909055448669e-02,3.487056425407e-02,2.735554933190e-02,1.032245305013e-02,1.049626297990e-07
0.870,4.676380760208e-07,8.188893204765e-05,1.254005757588e-03,6.102543418366e-03,1.639251173663e-02,2.905482991106e-02,3.591963514224e-02,2.977801553100e-02,1.296214134416e-02,2.888484287263e-04
0.872,4.403753809676e-07,7.758046642025e-05,1.196756693415e-03,5.883127994480e-03,1.602283528339e-02,2.895952043890e-02,3.687478966866e-02,3.217712665130e-02,1.582802059728e-02,1.131673344393e-03
0.874,4.142964679909e-07,7.342477912803e-05,1.140895424102e-03,5.664702663791e-03,1.563810280662e-02,2.880537348452e-02,3.773063376482e-02,3.453345306445e-02,1.889032445484e-02,2.518742888661e-03
0.876,3.893685666423e-07,6.941966117362e-05,1.086441224511e-03,5.447599206750e-03,1.523949374701e-02,2.859339567958e-02,3.848242648041e-02,3.682799596016e-02,2.211659795747e-02,4.434379270316e-03
0.878,3.655592428145e-07,6.556283748540e-05,1.033411237717e-03,5.232141706901e-03,1.482821687311e-02,2.832484598878e-02,3.912610615453e-02,3.904234489044e-02,2.547316587469e-02,6.854693379998e-03
0.880,3.428364040999e-07,6.185196893566e-05,9.818204639820e-04,5.018645843050e-03,1.440550579870e-02,2.800122782670e-02,3.965831302344e-02,4.115880982400e-02,2.892480392845e-02,9.748882065057e-03
0.882,3.211683051681e-07,5.828465441905e-05,9.316817527644e-04,4.807418202133e-03,1.397261441580e-02,2.762427968969e-02,4.007640940168e-02,4.316059602458e-02,3.243532632820e-02,1.307996819516e-02
0.884,3.005235531643e-07,5.485843299122e-05,8.830057978184e-04,4.598755613602e-03,1.353081227117e-02,2.719596471386e-02,4.037849000872e-02,4.503195188975e-02,3.596796374714e-02,1.680480765036e-02
0.886,2.808711131266e-07,5.157078606765e-05,8.358011354211e-04,4.392944507844e-03,1.308137987959e-02,2.671845913730e-02,4.056339280825e-02,4.675828437675e-02,3.948587038227e-02,2.087187535262e-02
0.888,2.621803134239e-07,4.841913968274e-05,7.900741457656e-04,4.190260299550e-03,1.262560402087e-02,2.619413961056e-02,4.063069721192e-02,4.832627826367e-02,4.295224621523e-02,2.523362345150e-02
0.890,2.444208512126e-07,4.540086680906e-05,7.458290575744e-04,3.990966798395e-03,1.216477300883e-02,2.562556943992e-02,4.058072777252e-02,4.972402881753e-02,4.633145554819e-02,2.982796788991e-02
0.892,2.275627979136e-07,4.251328973670e-05,7.030679559518e-04,3.795315647801e-03,1.170017196934e-02,2.501548418569e-02,4.041453900948e-02,5.094111465577e-02,4.958837930122e-02,3.459814583884e-02
0.894,2.115766047086e-07,3.975368251275e-05,6.617907935230e-04,3.603545793937e-03,1.123307813774e-02,2.436677604121e-02,4.013390941320e-02,5.196866402677e-02,5.268927903407e-02,3.947830918110e-02
0.896,1.964331080562e-07,3.711927344087e-05,6.219954048982e-04,3.415882986406e-03,1.076475618447e-02,2.368247763297e-02,3.974131950380e-02,5.279951641067e-02,5.560292035653e-02,4.440932557024e-02
0.898,1.821035352266e-07,3.460724764073e-05,5.836775244747e-04,3.232539311609e-03,1.029645360238e-02,2.296574508296e-02,3.923992850168e-02,5.342812812612e-02,5.830002086644e-02,4.932367572074e-02
0.900,1.685595098574e-07,3.221474966755e-05,5.468308076301e-04,3.053712760825e-03,9.829396163335e-03,2.221984038998e-02,3.863354891258e-02,5.385072980057e-02,6.075317781599e-02,5.415778053166e-02
0.902,1.557730575269e-07,2.993888619129e-05,5.114468553147e-04,2.879586834064e-03,9.364783457572e-03,2.144811330382e-02,3.792661364233e-02,5.406531903301e-02,6.293824129306e-02,5.884808295295e-02
0.904,1.437166113481e-07,2.777672873577e-05,4.775152420827e-04,2.710330180972e-03,8.903784541879e-03,2.065398301028e-02,3.712413830176e-02,5.407158528461e-02,6.483442884384e-02,6.333457008641e-02
0.906,1.323630175817e-07,2.572531647744e-05,4.450235475791e-04,2.546096280393e-03,8.447533711723e-03,1.984091900918e-02,3.623168165719e-02,5.387101556898e-02,6.642334447987e-02,6.755872891899e-02
0.908,1.216855412676e-07,2.378165910360e-05,4.139573915037e-04,2.387023159490e-03,7.997126404562e-03,1.901242220069e-02,3.525529836362e-02,5.346681447385e-02,6.769081968701e-02,7.147038188928e-02
0.910,1.116578718766e-07,2.194273973032e-05,3.843004720777e-04,2.233233153659e-03,7.553615269155e-03,1.817200561030e-02,3.420149567976e-02,5.286377562628e-02,6.862498866384e-02,7.502244916301e-02
0.912,1.022541289808e-07,2.020551787958e-05,3.560346080255e-04,2.084832708804e-03,7.118006392019e-03,1.732317505124e-02,3.307718000575e-02,5.206840158689e-02,6.922053495987e-02,7.816127878409e-02
0.914,9.344886794290e-08,1.856693251574e-05,3.291397840870e-04,1.941912226438e-03,6.691255726091e-03,1.646941017121e-02,3.188959928229e-02,5.108870345702e-02,6.947230085916e-02,8.085652956442e-02
0.916,8.521708562518e-08,1.702390514113e-05,3.035942000849e-04,1.804545953054e-03,6.274265709125e-03,1.561414525030e-02,3.064629302477e-02,4.993409097260e-02,6.938050569994e-02,8.306892376525e-02
0.918,7.753422611673e-08,1.557334295066e-05,2.793743235416e-04,1.672791914511e-03,5.867882107705e-03,1.476075053955e-02,2.935502965261e-02,4.861532508965e-02,6.894967183883e-02,8.479108479568e-02
0.920,7.037618648027e-08,1.421214204537e-05,2.564549458736e-04,1.546691896767e-03,5.472891093244e-03,1.391251400136e-02,2.802374694354e-02,4.714447114932e-02,6.818678812178e-02,8.598619147186e-02
0.922,6.371932251765e-08,1.293719070462e-05,2.348092421616e-04,1.426271473129e-03,5.090016557265e-03,1.307262344146e-02,2.666049347474e-02,4.553455236037e-02,6.710259388147e-02,8.664286553021e-02
0.924,5.754045455423e-08,1.174537271707e-05,2.144088345060e-04,1.311540079527e-03,4.719917697307e-03,1.224414929302e-02,2.527336572311e-02,4.379966145450e-02,6.571141428526e-02,8.677590100328e-02
0.926,5.181687324221e-08,1.063357076994e-05,1.952238589724e-04,1.202491138089e-03,4.363186866342e-03,1.143002796204e-02,2.387044002959e-02,4.195467682121e-02,6.403128474516e-02,8.637011245508e-02
0.928,4.652634538271e-08,9.598669896735e-06,1.772230361330e-04,1.099102230012e-03,4.020347715690e-03,1.063304642862e-02,2.245972478120e-02,4.001514847984e-02,6.208068617554e-02,8.543623768367e-02
0.930,4.164711976658e-08,8.637560983080e-06,1.603737452020e-04,1.001335318096e-03,3.691853629343e-03,9.855827004168e-03,2.104908451092e-02,3.799705922389e-02,5.988400641283e-02,8.398980490343e-02
0.932,3.715793303409e-08,7.747144330599e-06,1.446421017686e-04,9.091370197583e-04,3.378086473345e-03,9.100813700814e-03,1.964618746837e-02,3.591680292932e-02,5.746553519893e-02,8.205773062832e-02
0.934,3.303801555314e-08,6.924333278636e-06,1.299930391209e-04,8.224389308355e-04,3.079355657882e-03,8.370259508878e-03,1.825845098375e-02,3.379093563820e-02,5.485217105166e-02,7.971788548578e-02
0.936,2.926709731626e-08,6.166057883677e-06,1.163903931659e-04,7.411580009187e-04,2.795897538628e-03,7.666214735370e-03,1.689297686911e-02,3.163595132769e-02,5.207240812614e-02,7.690989750842e-02
0.938,2.582541385618e-08,5.469268656329e-06,1.037969909332e-04,6.651969601627e-04,2.527875143167e-03,6.990516641513e-03,1.555650273120e-02,2.946823401342e-02,4.915597599521e-02,7.377717725837e-02
0.940,2.269371217997e-08,4.830940355656e-06,9.217474266288e-05,5.944447984922e-04,2.275378259890e-03,6.344780534471e-03,1.425535114660e-02,2.730381916705e-02,4.613317723250e-02,7.028028472489e-02
0.942,1.985325672178e-08,4.248075840716e-06,8.148473746386e-05,5.287772970129e-04,2.038423870903e-03,5.730392113369e-03,1.299538383013e-02,2.515820838697e-02,4.303509819203e-02,6.649986965541e-02
0.944,1.728583531406e-08,3.717709979150e-06,7.168734254298e-05,4.680576121361e-04,1.816956955488e-03,5.148501447808e-03,1.178195729250e-02,2.304633026143e-02,3.989316416634e-02,6.249064541752e-02
0.946,1.497376517729e-08,3.236913612630e-06,6.274230598726e-05,4.121369125136e-04,1.610851656009e-03,4.600018451472e-03,1.061988439924e-02,2.098221356260e-02,3.673664320406e-02,5.829562992159e-02
0.948,1.289989892813e-08,2.802797579014e-06,5.460886309229e-05,3.608550689271e-04,1.419912824818e-03,4.085609862777e-03,9.513399034985e-03,1.897905911028e-02,3.359604012199e-02,5.399189840783e-02
0.950,1.104763060604e-08,2.412516791023e-06,4.724584622628e-05,3.140413972099e-04,1.243877945982e-03,3.605698163473e-03,8.466128856047e-03,1.704881357959e-02,3.049999496170e-02,4.959866512448e-02
0.952,9.400901718235e-09,2.063274371288e-06,4.061179821301e-05,2.715154543659e-04,1.082419444032e-03,3.160461983935e-03,7.481072981747e-03,1.520245001456e-02,2.747550597287e-02,4.518941497318e-02
0.954,7.944207303064e-09,1.752325843568e-06,3.466508922543e-05,2.330878875220e-04,9.351473808825e-04,2.749838376582e-03,6.560581396047e-03,1.344950839878e-02,2.454636873409e-02,4.083148122033e-02
0.956,6.662602011677e-09,1.476983380023e-06,2.936403716945e-05,1.985613361409e-04,8.016125423363e-04,2.373526915851e-03,5.706342231476e-03,1.179814584204e-02,2.173678403344e-02,3.653067399495e-02
0.958,5.541706207999e-09,1.234620104311e-06,2.466703154831e-05,1.677313870394e-04,6.813099172107e-04,2.030995724395e-03,4.919383692351e-03,1.025513179277e-02,1.906594979699e-02,3.234928765045e-02
0.960,4.567712087017e-09,1.022674450397e-06,2.053266078741e-05,1.403875822473e-04,5.736825759212e-04,1.721489199757e-03,4.200065570094e-03,8.825680100642e-03,1.655335857482e-02,2.835786470706e-02
0.962,3.727389811290e-09,8.386545768755e-07,1.691984300625e-05,1.163144794242e-04,4.781259372895e-04,1.444037824485e-03,3.548091784369e-03,7.513430627576e-03,1.421125138860e-02,2.459931282064e-02
0.964,3.008093665692e-09,6.801428366661e-07,1.378796021825e-05,9.529276476548e-05,3.939924382103e-04,1.197469869996e-03,2.962528119712e-03,6.320493718615e-03,1.205237862957e-02,2.105261691960e-02
0.966,2.397768230379e-09,5.448003019173e-07,1.109699594393e-05,7.710041804441e-05,3.205965969628e-04,9.804250129839e-04,2.441817189261e-03,5.247391148578e-03,1.008514912069e-02,1.775652325947e-02
0.968,1.884954571914e-09,4.303713439649e-07,8.807676216181e-06,6.151392958421e-05,2.572204709547e-04,7.913700358507e-04,1.983813248666e-03,4.293142563486e-03,8.313922847012e-03,1.475242646523e-02
0.970,1.458796452566e-09,3.346882681857e-07,6.881613963985e-06,4.830956883951e-05,2.031195118486e-04,6.286161827703e-04,1.585817161510e-03,3.455219972291e-03,6.740214905653e-03,1.205784060431e-02
0.972,1.109046557753e-09,2.556760036185e-07,5.281456753746e-06,3.726470428633e-05,1.575288103800e-04,4.903389891569e-04,1.244618811998e-03,2.729682541087e-03,5.361804372053e-03,9.662791885718e-03
0.974,8.260727415868e-10,1.913568471902e-07,3.971037872030e-06,2.815917433265e-05,1.196697320575e-04,3.745996538687e-04,9.565504080712e-04,2.111294927229e-03,4.175890964482e-03,7.582254565705e-03
0.976,6.008642905501e-10,1.398552624236e-07,2.915530731789e-06,2.077670881018e-05,8.875694471094e-05,2.793685244341e-04,7.175440115643e-04,1.593557499035e-03,3.172365725299e-03,5.804257833472e-03
0.978,4.250382052239e-10,9.940273248718e-08,2.081606584202e-06,1.490640076607e-05,6.400582505738e-05,2.025505867884e-04,5.231998640035e-04,1.168916652480e-03,2.341661980043e-03,4.307049325852e-03
0.980,2.908455001118e-10,6.834266746594e-08,1.437595520011e-06,1.034422817687e-05,4.464025447755e-05,1.420128721634e-04,3.688576418816e-04,8.288657086066e-04,1.670565735743e-03,3.085370751686e-03
0.982,1.911775214990e-10,4.513536573163e-08,9.536507429725e-07,6.894625213147e-06,2.990078911882e-05,9.561370975688e-05,2.496805305054e-04,5.642202252574e-04,1.143957762540e-03,2.127968237080e-03
0.984,1.195722833597e-10,2.836302929938e-08,6.019160997446e-07,4.372102667533e-06,1.905320741642e-05,6.123403205347e-05,1.607417939888e-04,3.652182891056e-04,7.446491936483e-04,1.383041394635e-03
0.986,7.022082128742e-11,1.673483306723e-08,3.566968515724e-07,2.602917237307e-06,1.139743074877e-05,3.681044645679e-05,9.712213414345e-05,2.218340452453e-04,4.547919566987e-04,8.526256918972e-04
0.988,3.797356443987e-11,9.092047837338e-09,1.946336720419e-07,1.426789251193e-06,6.276812273738e-06,2.037022524164e-05,5.401273719474e-05,1.239997888878e-04,2.554590497393e-04,4.827314830431e-04
0.990,1.834672548804e-11,4.413217034718e-09,9.487985901541e-08,6.986685760032e-07,3.087789889919e-06,1.006819606038e-05,2.682545837449e-05,6.188861391258e-05,1.282282344367e-04,2.433152671038e-04
0.992,7.528708559337e-12,1.819387037726e-09,3.928174703205e-08,2.905483218770e-07,1.289903385103e-06,4.225363812878e-06,1.131105112939e-05,2.621900703855e-05,5.458041470561e-05,1.035736352272e-04
0.994,2.386535166441e-12,5.793910515429e-10,1.256230981405e-08,9.332610591672e-08,4.161688035173e-07,1.369419818854e-06,3.682646870103e-06,8.576886420207e-06,1.797003746123e-05,3.477483219613e-05
0.996,4.722881161882e-13,1.151864619647e-10,2.507942786177e-09,1.871259129889e-08,8.380931219987e-08,2.769989564106e-07,7.482269277917e-07,1.750744096216e-06,3.646038387430e-06,7.092473580063e-06
0.998,2.957339106858e-14,7.245617662467e-12,1.584173255048e-10,1.187082964413e-09,5.339344542871e-09,1.772369541360e-08,4.807976894689e-08,1.129916242312e-07,2.394462248990e-07,4.432795987540e-07
1.000,2.953831893657e-35,0.000000000000e+00,1.358752902370e-28,0.000000000000e+00,1.153824447888e-22,4.412451639939e-20,0.000000000000e+00,2.150884178506e-14,0.000000000000e+00,0.000000000000e+00
